id,username,question_id,answer_value,timestamp,created_at,updated_at
1,test_user,test_q1,A,1759209161956,2025-09-30 04:20:16.078989+00,2025-10-08 01:20:30.542186+00
4,test_user,test_q2,C,1759206226635,2025-09-30 04:24:14.43888+00,2025-10-08 01:20:30.627642+00
5,teacher_man,U1-L3-Q01,A,1759206257769,2025-09-30 04:24:45.77927+00,2025-10-08 01:21:09.960331+00
7,Apricot_Fox,U1-L3-Q01,E,1757684456314,2025-09-30 04:28:49.901448+00,2025-10-08 01:20:22.387777+00
8,Apricot_Fox,U1-L3-Q02,B,1757684459618,2025-09-30 04:28:50.009391+00,2025-10-08 01:20:22.290215+00
9,Apricot_Fox,U1-L3-Q03,E,1757684465748,2025-09-30 04:28:50.136452+00,2025-10-08 01:20:22.190877+00
10,Apricot_Fox,U1-L4-Q01,C,1757943008325,2025-09-30 04:28:50.258984+00,2025-10-08 01:20:22.093644+00
11,Apricot_Fox,U1-L4-Q02,D,1757943011671,2025-09-30 04:28:50.427065+00,2025-10-08 01:20:22.001686+00
12,Apricot_Fox,U1-L4-Q03,A,1757943013583,2025-09-30 04:28:50.528971+00,2025-10-08 01:20:21.895482+00
13,Apricot_Fox,U1-L4-Q04,B,1757943015483,2025-09-30 04:28:50.633976+00,2025-10-08 01:20:21.790797+00
14,Apricot_Fox,U1-L4-Q05,A,1757943017972,2025-09-30 04:28:50.738449+00,2025-10-08 01:20:21.672229+00
15,Apricot_Fox,U1-L4-Q06,D,1757943020140,2025-09-30 04:28:50.856853+00,2025-10-08 01:20:21.586765+00
16,Apricot_Dog,U1-L3-Q01,E,1757684012225,2025-09-30 04:28:58.981984+00,2025-10-08 01:20:49.603188+00
17,Apricot_Dog,U1-L3-Q02,B,1757684150046,2025-09-30 04:28:59.101241+00,2025-10-08 01:20:49.513719+00
18,Apricot_Dog,U1-L3-Q03,E,1757684259295,2025-09-30 04:28:59.231558+00,2025-10-08 01:20:49.424424+00
19,Apricot_Dog,U1-L4-Q01,C,1757942032798,2025-09-30 04:28:59.349411+00,2025-10-08 01:20:49.314932+00
20,Apricot_Dog,U1-L4-Q03,A,1757942546149,2025-09-30 04:28:59.455595+00,2025-10-08 01:20:49.202853+00
21,Apricot_Dog,U1-L4-Q04,B,1757942678152,2025-09-30 04:28:59.596416+00,2025-10-08 01:20:49.109089+00
22,Apricot_Dog,U1-L4-Q05,E,1757943309529,2025-09-30 04:28:59.704921+00,2025-10-08 01:20:49.017405+00
23,Apricot_Dog,U1-L4-Q02,D,1757943323112,2025-09-30 04:28:59.822569+00,2025-10-08 01:20:48.925833+00
24,Apricot_Dog,U1-L4-Q06,D,1757943436089,2025-09-30 04:28:59.94697+00,2025-10-08 01:20:48.831785+00
25,Apricot_Dog,U1-L2-Q01,B,1757965978629,2025-09-30 04:29:00.064095+00,2025-10-08 01:20:48.739395+00
26,Apricot_Dog,U1-L2-Q02,E,1757965992637,2025-09-30 04:29:00.189933+00,2025-10-08 01:20:48.654989+00
27,Apricot_Dog,U1-L2-Q03,B,1757966000379,2025-09-30 04:29:00.317499+00,2025-10-08 01:20:48.562894+00
28,Banana_Goat,U1-L3-Q01,E,1757699196915,2025-09-30 04:29:02.560363+00,2025-10-08 01:20:58.175142+00
29,Banana_Goat,U1-L3-Q02,B,1757699353190,2025-09-30 04:29:02.676819+00,2025-10-08 01:20:58.084821+00
30,Banana_Goat,U1-L3-Q03,E,1757699467018,2025-09-30 04:29:02.78343+00,2025-10-08 01:20:57.981429+00
31,Apple_Monkey,U2-L2-Q01,E,1757683895063,2025-09-30 04:29:06.326266+00,2025-10-08 01:21:24.991001+00
32,Apple_Monkey,U1-L2-Q01,B,1757684023766,2025-09-30 04:29:06.441912+00,2025-10-08 01:21:24.883255+00
33,Apple_Monkey,U1-L2-Q02,E,1757684040958,2025-09-30 04:29:06.546083+00,2025-10-08 01:21:24.304549+00
34,Apple_Monkey,U1-L2-Q03,B,1757684052880,2025-09-30 04:29:06.65585+00,2025-10-08 01:21:24.213768+00
35,Apple_Monkey,U1-L3-Q03,E,1757684188382,2025-09-30 04:29:06.765624+00,2025-10-08 01:21:24.090925+00
36,Apple_Monkey,U1-L3-Q01,E,1757684204269,2025-09-30 04:29:06.87334+00,2025-10-08 01:21:23.993046+00
37,Apple_Monkey,U1-L3-Q02,B,1757684212610,2025-09-30 04:29:06.975975+00,2025-10-08 01:21:23.849975+00
38,Apple_Monkey,U1-L4-Q01,C,1757814304913,2025-09-30 04:29:07.070418+00,2025-10-08 01:21:23.669336+00
39,Apple_Monkey,U1-L4-Q02,E,1757816164459,2025-09-30 04:29:07.179802+00,2025-10-08 01:21:23.543197+00
40,Apple_Monkey,U1-L4-Q03,A,1757816170979,2025-09-30 04:29:07.291677+00,2025-10-08 01:21:23.428501+00
41,Apple_Monkey,U1-L4-Q04,B,1757816181342,2025-09-30 04:29:07.403399+00,2025-10-08 01:21:23.3239+00
42,Apple_Monkey,U1-L4-Q05,E,1757816187593,2025-09-30 04:29:07.517289+00,2025-10-08 01:21:23.247639+00
43,Apple_Monkey,U1-L4-Q06,D,1757816194295,2025-09-30 04:29:07.63039+00,2025-10-08 01:21:23.155106+00
44,Apple_Monkey,U1-L5-Q01,C,1757816632685,2025-09-30 04:29:07.749679+00,2025-10-08 01:21:22.989312+00
45,Apple_Monkey,U1-L5-Q02,E,1757816638530,2025-09-30 04:29:07.852603+00,2025-10-08 01:21:22.878273+00
46,Apple_Monkey,U1-L5-Q03,D,1757816651849,2025-09-30 04:29:07.965388+00,2025-10-08 01:21:22.759196+00
47,Apple_Monkey,U1-L6-Q03,D,1757897551515,2025-09-30 04:29:08.08204+00,2025-10-08 01:21:22.655137+00
48,Apple_Monkey,U1-L6-Q01,B,1757897609049,2025-09-30 04:29:08.196597+00,2025-10-08 01:21:22.512933+00
49,Apple_Monkey,U1-L6-Q02,D,1757897697557,2025-09-30 04:29:08.30306+00,2025-10-08 01:21:22.408305+00
50,Guava_Cat,U1-L2-Q01,B,1757683616691,2025-09-30 04:29:11.10156+00,2025-10-08 01:20:14.211241+00
51,Guava_Cat,U1-L2-Q02,E,1757683654977,2025-09-30 04:29:11.202677+00,2025-10-08 01:20:14.104185+00
52,Guava_Cat,U1-L2-Q03,B,1757683662926,2025-09-30 04:29:11.320092+00,2025-10-08 01:20:14.018463+00
53,Guava_Cat,U1-L3-Q01,E,1757683703934,2025-09-30 04:29:11.44006+00,2025-10-08 01:20:13.911472+00
54,Guava_Cat,U1-L3-Q02,B,1757683734289,2025-09-30 04:29:11.543848+00,2025-10-08 01:20:13.822923+00
55,Guava_Cat,U1-L3-Q03,E,1757683828224,2025-09-30 04:29:11.652562+00,2025-10-08 01:20:13.731287+00
56,Guava_Cat,U1-L4-Q01,C,1757683875484,2025-09-30 04:29:11.752177+00,2025-10-08 01:20:13.636643+00
57,Guava_Cat,U1-L4-Q02,C,1757683914516,2025-09-30 04:29:11.862983+00,2025-10-08 01:20:13.531389+00
58,Guava_Cat,U1-L4-Q03,A,1757683992146,2025-09-30 04:29:11.978285+00,2025-10-08 01:20:13.430451+00
59,Guava_Cat,U1-L4-Q04,B,1757684101157,2025-09-30 04:29:12.092062+00,2025-10-08 01:20:13.336688+00
60,Guava_Cat,U1-L4-Q05,C,1757684261839,2025-09-30 04:29:12.202277+00,2025-10-08 01:20:13.21614+00
61,Guava_Cat,U1-L4-Q06,A,1757684295319,2025-09-30 04:29:12.342289+00,2025-10-08 01:20:13.102547+00
62,Plum_Iguana,U1-L3-Q01,E,1757701156797,2025-09-30 04:29:14.56474+00,2025-10-08 01:20:27.549533+00
63,Plum_Iguana,U1-L3-Q02,A,1757701207441,2025-09-30 04:29:14.671485+00,2025-10-08 01:20:27.462426+00
64,Plum_Iguana,U1-L3-Q03,E,1757701210915,2025-09-30 04:29:14.779151+00,2025-10-08 01:20:27.342337+00
65,Apple_Rabbit,U1-L2-Q01,B,1757683639793,2025-09-30 04:29:17.281462+00,2025-10-08 01:20:34.057743+00
66,Apple_Rabbit,U1-L2-Q02,E,1757683678357,2025-09-30 04:29:17.375794+00,2025-10-08 01:20:33.961908+00
67,Apple_Rabbit,U1-L2-Q03,B,1757683740521,2025-09-30 04:29:17.484625+00,2025-10-08 01:20:33.850309+00
68,Apple_Rabbit,U1-L3-Q03,E,1757683800760,2025-09-30 04:29:17.596266+00,2025-10-08 01:20:33.749677+00
69,Apple_Rabbit,U1-L3-Q01,E,1757683806403,2025-09-30 04:29:17.71571+00,2025-10-08 01:20:33.637934+00
70,Apple_Rabbit,U1-L3-Q02,B,1757683809760,2025-09-30 04:29:17.836505+00,2025-10-08 01:20:33.534768+00
71,Papaya_Fox,U1-L3-Q01,E,1757699076408,2025-09-30 04:29:21.574066+00,2025-10-08 01:20:46.108512+00
72,Papaya_Fox,U1-L3-Q02,B,1757699129382,2025-09-30 04:29:21.686613+00,2025-10-08 01:20:46.023102+00
73,Papaya_Fox,U1-L3-Q03,E,1757699172806,2025-09-30 04:29:21.795747+00,2025-10-08 01:20:45.930042+00
74,Papaya_Goat,U1-L3-Q01,E,1757699297305,2025-09-30 04:29:28.907212+00,2025-10-08 01:21:03.091002+00
75,Papaya_Goat,U1-L3-Q02,B,1757699839889,2025-09-30 04:29:29.019428+00,2025-10-08 01:21:02.971438+00
76,Papaya_Goat,U1-L3-Q03,E,1757700126147,2025-09-30 04:29:29.131535+00,2025-10-08 01:21:02.875204+00
77,Grape_Newt,U1-L3-Q01,A,1757700503932,2025-09-30 04:29:29.972267+00,2025-10-08 01:21:01.515499+00
78,Grape_Newt,U1-L3-Q02,A,1757700534007,2025-09-30 04:29:30.077521+00,2025-10-08 01:21:01.404448+00
79,Grape_Newt,U1-L3-Q03,E,1757700695762,2025-09-30 04:29:30.186759+00,2025-10-08 01:21:01.312187+00
80,Kiwi_Panda,U1-L2-Q01,B,1757699021157,2025-09-30 04:29:30.372648+00,2025-10-08 01:21:17.001934+00
81,Kiwi_Panda,U1-L2-Q02,E,1757699253475,2025-09-30 04:29:30.48328+00,2025-10-08 01:21:16.895554+00
82,Kiwi_Panda,U1-L2-Q03,B,1757699395922,2025-09-30 04:29:30.590878+00,2025-10-08 01:21:16.783472+00
83,Kiwi_Panda,U1-L3-Q02,B,1757700739917,2025-09-30 04:29:30.70579+00,2025-10-08 01:21:16.680868+00
84,Kiwi_Panda,U1-L3-Q01,E,1757701142109,2025-09-30 04:29:30.815918+00,2025-10-08 01:21:16.575293+00
85,Kiwi_Panda,U1-L3-Q03,E,1757948539947,2025-09-30 04:29:30.925498+00,2025-10-08 01:21:16.470092+00
86,Grape_Fox,U1-L3-Q01,E,1757699076408,2025-09-30 04:29:33.502492+00,2025-10-08 01:21:20.315417+00
87,Grape_Fox,U1-L3-Q02,B,1757699129382,2025-09-30 04:29:33.685413+00,2025-10-08 01:21:20.222659+00
88,Grape_Fox,U1-L3-Q03,E,1757699172806,2025-09-30 04:29:33.817748+00,2025-10-08 01:21:20.092073+00
89,papaya_goat,U1-L3-Q01,E,1757699297305,2025-09-30 04:29:38.61122+00,2025-10-08 01:20:54.009064+00
90,papaya_goat,U1-L3-Q02,B,1757699839889,2025-09-30 04:29:38.721215+00,2025-10-08 01:20:53.915791+00
91,papaya_goat,U1-L3-Q03,E,1757700126147,2025-09-30 04:29:38.854436+00,2025-10-08 01:20:53.689649+00
92,Lemon_Monkey,U1-L3-Q01,E,1757698959605,2025-09-30 04:29:40.443118+00,2025-10-08 01:20:54.97925+00
93,Lemon_Monkey,U1-L3-Q03,E,1757699467562,2025-09-30 04:29:40.558267+00,2025-10-08 01:20:54.871426+00
94,Lemon_Monkey,U1-L3-Q02,B,1757699489907,2025-09-30 04:29:40.678917+00,2025-10-08 01:20:54.786488+00
95,Apricot_Horse,U1-L4-Q01,C,1757942286046,2025-09-30 04:29:40.78799+00,2025-10-08 01:21:06.513357+00
96,Apricot_Horse,U1-L4-Q02,B,1757942263726,2025-09-30 04:29:40.896306+00,2025-10-08 01:21:06.597253+00
97,Apricot_Horse,U1-L4-Q03,A,1757942806116,2025-09-30 04:29:41.014985+00,2025-10-08 01:21:06.246528+00
98,Apricot_Horse,U1-L4-Q04,B,1757943159611,2025-09-30 04:29:41.122244+00,2025-10-08 01:21:05.902709+00
99,Apricot_Horse,U1-L4-Q05,A,1757941984972,2025-09-30 04:29:41.232026+00,2025-10-08 01:21:06.818776+00
100,Apricot_Horse,U1-L4-Q06,D,1757942015440,2025-09-30 04:29:41.34231+00,2025-10-08 01:21:06.7004+00
101,Mango_Dog,U1-L4-Q01,C,1757699264908,2025-09-30 04:29:43.970997+00,2025-10-08 01:21:13.649478+00
102,Mango_Dog,U1-L4-Q02,D,1757699682756,2025-09-30 04:29:44.083502+00,2025-10-08 01:21:13.547234+00
103,Mango_Dog,U1-L4-Q03,A,1757700802934,2025-09-30 04:29:44.192346+00,2025-10-08 01:21:13.442081+00
104,Mango_Dog,U1-L3-Q01,E,1757701302388,2025-09-30 04:29:44.3218+00,2025-10-08 01:21:13.340739+00
105,Mango_Dog,U1-L3-Q02,B,1757902720680,2025-09-30 04:29:44.436611+00,2025-10-08 01:21:13.233656+00
106,Mango_Dog,U1-L3-Q03,E,1757902982195,2025-09-30 04:29:44.564199+00,2025-10-08 01:21:13.132996+00
107,Lemon_Goat,U1-L5-Q01,C,1758031439835,2025-09-30 04:34:58.822064+00,2025-10-08 01:20:17.575137+00
108,Lemon_Goat,U1-L5-Q02,E,1758031554096,2025-09-30 04:34:58.950237+00,2025-10-08 01:20:17.391068+00
109,Lemon_Goat,U1-L5-Q03,D,1758205644685,2025-09-30 04:34:59.084614+00,2025-10-08 01:20:17.293704+00
110,Lemon_Goat,U1-L7-Q01,B,1758809721901,2025-09-30 04:34:59.216517+00,2025-10-08 01:20:17.197581+00
111,Lemon_Goat,U1-L7-Q02,D,1758809990072,2025-09-30 04:34:59.344967+00,2025-10-08 01:20:17.094631+00
112,Lemon_Goat,U1-L7-Q03,B,1758810282355,2025-09-30 04:34:59.467231+00,2025-10-08 01:20:16.997119+00
113,Lemon_Goat,U1-L7-Q04,B,1758810351117,2025-09-30 04:34:59.585996+00,2025-10-08 01:20:16.889242+00
114,Lemon_Goat,U1-L7-Q05,A,1758810371912,2025-09-30 04:34:59.701974+00,2025-10-08 01:20:16.791165+00
115,Lemon_Goat,U1-L7-Q06,D,1758810428594,2025-09-30 04:34:59.822755+00,2025-10-08 01:20:16.692852+00
116,Lemon_Goat,U1-L8-Q01,C,1758892027664,2025-09-30 04:34:59.956698+00,2025-10-08 01:20:16.593595+00
117,Lemon_Goat,U1-L8-Q02,B,1758892355516,2025-09-30 04:35:00.075473+00,2025-10-08 01:20:16.469721+00
118,Lemon_Goat,U1-L8-Q03,D,1758892358797,2025-09-30 04:35:00.211335+00,2025-10-08 01:20:16.337438+00
119,Apricot_Fox,U1-L5-Q01,C,1758038563391,2025-09-30 04:35:00.336069+00,2025-10-08 01:20:21.494867+00
120,Apricot_Fox,U1-L5-Q02,E,1758038565838,2025-09-30 04:35:00.44903+00,2025-10-08 01:20:21.400215+00
121,Apricot_Fox,U1-L5-Q03,B,1758038568865,2025-09-30 04:35:00.569781+00,2025-10-08 01:20:21.304624+00
122,Apricot_Fox,U1-L6-Q01,A,1758215403999,2025-09-30 04:35:00.691467+00,2025-10-08 01:20:21.188638+00
123,Apricot_Fox,U1-L6-Q02,A,1758215406934,2025-09-30 04:35:00.85658+00,2025-10-08 01:20:21.019318+00
124,Apricot_Fox,U1-L6-Q03,D,1758215442133,2025-09-30 04:35:00.986134+00,2025-10-08 01:20:20.900043+00
125,Apricot_Fox,U1-L2-Q03,B,1758215478185,2025-09-30 04:35:01.109694+00,2025-10-08 01:20:20.809608+00
126,Apricot_Fox,U1-L2-Q02,E,1758215479902,2025-09-30 04:35:01.265938+00,2025-10-08 01:20:20.718265+00
127,Apricot_Fox,U1-L2-Q01,B,1758215481308,2025-09-30 04:35:01.403553+00,2025-10-08 01:20:20.599086+00
128,Apricot_Fox,U1-L7-Q01,B,1758810705231,2025-09-30 04:35:01.507658+00,2025-10-08 01:20:20.495749+00
129,Apricot_Fox,U1-L7-Q02,D,1758810707233,2025-09-30 04:35:01.633122+00,2025-10-08 01:20:20.383267+00
130,Apricot_Fox,U1-L7-Q03,A,1758810710589,2025-09-30 04:35:01.753803+00,2025-10-08 01:20:20.294858+00
131,Apricot_Fox,U1-L7-Q04,E,1758810714599,2025-09-30 04:35:01.891594+00,2025-10-08 01:20:20.177865+00
132,Apricot_Fox,U1-L7-Q05,A,1758810717007,2025-09-30 04:35:02.010795+00,2025-10-08 01:20:20.085309+00
133,Apricot_Fox,U1-L7-Q06,D,1758810719803,2025-09-30 04:35:02.122971+00,2025-10-08 01:20:19.987668+00
134,Apricot_Fox,U1-L8-Q03,C,1758892775125,2025-09-30 04:35:02.243575+00,2025-10-08 01:20:19.878521+00
135,Apricot_Fox,U1-L8-Q02,D,1758892778140,2025-09-30 04:35:02.360836+00,2025-10-08 01:20:19.765148+00
136,Apricot_Fox,U1-L8-Q01,C,1758892780198,2025-09-30 04:35:02.471303+00,2025-10-08 01:20:19.651877+00
137,Apricot_Fox,U1-L9-Q03,D,1759153583535,2025-09-30 04:35:02.590261+00,2025-10-08 01:20:19.510643+00
138,Apricot_Fox,U1-L9-Q02,B,1759153585896,2025-09-30 04:35:02.701122+00,2025-10-08 01:20:19.410989+00
139,Apricot_Fox,U1-L9-Q01,B,1759153588871,2025-09-30 04:35:02.822822+00,2025-10-08 01:20:19.216842+00
140,Berry_Iguana,U1-L3-Q01,E,1757957534723,2025-09-30 04:35:02.942977+00,2025-10-08 01:20:37.937035+00
141,Berry_Iguana,U1-L3-Q03,E,1757958137030,2025-09-30 04:35:03.079578+00,2025-10-08 01:20:37.827461+00
142,Berry_Iguana,U1-L4-Q01,C,1757958993849,2025-09-30 04:35:03.200504+00,2025-10-08 01:20:37.73166+00
143,Berry_Iguana,U1-L4-Q02,E,1757959134513,2025-09-30 04:35:03.401622+00,2025-10-08 01:20:37.544426+00
144,Berry_Iguana,U1-L4-Q03,A,1757959350096,2025-09-30 04:35:03.512323+00,2025-10-08 01:20:37.43249+00
145,Berry_Iguana,U1-L4-Q04,B,1757959499277,2025-09-30 04:35:03.63492+00,2025-10-08 01:20:37.328477+00
146,Berry_Iguana,U1-L4-Q05,C,1757959660192,2025-09-30 04:35:03.785081+00,2025-10-08 01:20:37.235134+00
147,Berry_Iguana,U1-L4-Q06,D,1757959840869,2025-09-30 04:35:03.913058+00,2025-10-08 01:20:37.123148+00
148,Berry_Iguana,U1-L3-Q02,B,1757959892684,2025-09-30 04:35:04.048178+00,2025-10-08 01:20:37.015932+00
149,Berry_Iguana,U1-L5-Q03,D,1758128536509,2025-09-30 04:35:04.162618+00,2025-10-08 01:20:36.831111+00
150,Berry_Iguana,U1-L5-Q02,E,1758128204288,2025-09-30 04:35:04.270909+00,2025-10-08 01:20:36.919594+00
151,Berry_Iguana,U1-L5-Q01,C,1758128619899,2025-09-30 04:35:04.385369+00,2025-10-08 01:20:36.72839+00
152,Papaya_Iguana,U1-L6-Q01,B,1758727640127,2025-09-30 04:35:04.504794+00,2025-10-08 01:20:43.760445+00
153,Papaya_Iguana,U1-L6-Q02,A,1758727665687,2025-09-30 04:35:04.625879+00,2025-10-08 01:20:43.638919+00
154,Papaya_Iguana,U1-L6-Q03,C,1758727676629,2025-09-30 04:35:04.727379+00,2025-10-08 01:20:43.516488+00
155,Papaya_Iguana,U1-L5-Q01,E,1758727689276,2025-09-30 04:35:04.86107+00,2025-10-08 01:20:43.415777+00
156,Papaya_Iguana,U1-L5-Q02,D,1758727719254,2025-09-30 04:35:04.975022+00,2025-10-08 01:20:43.29374+00
157,Papaya_Iguana,U1-L5-Q03,D,1758727727759,2025-09-30 04:35:05.084178+00,2025-10-08 01:20:43.180877+00
158,Papaya_Iguana,U1-L4-Q01,C,1758727768318,2025-09-30 04:35:05.207681+00,2025-10-08 01:20:43.082285+00
159,Papaya_Iguana,U1-L4-Q02,A,1758727780086,2025-09-30 04:35:05.320205+00,2025-10-08 01:20:42.97998+00
160,Papaya_Iguana,U1-L4-Q03,E,1758727810038,2025-09-30 04:35:05.424743+00,2025-10-08 01:20:42.894129+00
161,Papaya_Iguana,U1-L4-Q04,B,1758727825228,2025-09-30 04:35:05.528543+00,2025-10-08 01:20:42.809967+00
162,Papaya_Iguana,U1-L4-Q05,C,1758727834509,2025-09-30 04:35:05.631158+00,2025-10-08 01:20:42.724908+00
163,Papaya_Iguana,U1-L4-Q06,E,1758727859592,2025-09-30 04:35:05.745778+00,2025-10-08 01:20:42.59808+00
164,Papaya_Iguana,U1-L3-Q01,A,1758727874841,2025-09-30 04:35:05.852483+00,2025-10-08 01:20:42.514723+00
165,Papaya_Iguana,U1-L3-Q02,B,1758727907132,2025-09-30 04:35:05.967075+00,2025-10-08 01:20:42.406191+00
166,Papaya_Iguana,U1-L3-Q03,E,1758727951203,2025-09-30 04:35:06.082033+00,2025-10-08 01:20:42.309498+00
167,Papaya_Iguana,U1-L2-Q01,A,1758727971840,2025-09-30 04:35:06.19324+00,2025-10-08 01:20:42.063628+00
168,Papaya_Iguana,U1-L2-Q02,E,1758727985246,2025-09-30 04:35:06.316776+00,2025-10-08 01:20:41.901624+00
169,Papaya_Iguana,U1-L2-Q03,B,1758727999949,2025-09-30 04:35:06.43239+00,2025-10-08 01:20:41.789239+00
170,Papaya_Iguana,U1-L7-Q01,E,1758908117437,2025-09-30 04:35:06.542566+00,2025-10-08 01:20:41.679097+00
171,Papaya_Iguana,U1-L7-Q02,D,1758908148124,2025-09-30 04:35:06.650081+00,2025-10-08 01:20:41.595455+00
172,Papaya_Iguana,U1-L7-Q03,B,1758908179002,2025-09-30 04:35:06.764187+00,2025-10-08 01:20:41.514177+00
173,Papaya_Iguana,U1-L7-Q04,C,1758908390989,2025-09-30 04:35:06.865328+00,2025-10-08 01:20:41.423153+00
174,Papaya_Iguana,U1-L7-Q05,E,1758908780360,2025-09-30 04:35:06.98363+00,2025-10-08 01:20:41.330813+00
175,Papaya_Iguana,U1-L7-Q06,B,1758908791404,2025-09-30 04:35:07.140755+00,2025-10-08 01:20:41.231619+00
176,Papaya_Iguana,U1-L8-Q01,C,1759168990524,2025-09-30 04:35:07.254029+00,2025-10-08 01:20:41.126839+00
177,Papaya_Iguana,U1-L8-Q02,A,1759169031177,2025-09-30 04:35:07.364797+00,2025-10-08 01:20:41.02723+00
178,Papaya_Iguana,U1-L8-Q03,C,1759169069350,2025-09-30 04:35:07.482538+00,2025-10-08 01:20:40.928507+00
179,lemon-eagle,U1-L8-Q01,A,1759169508285,2025-09-30 04:35:07.602433+00,2025-10-08 01:20:44.437402+00
180,lemon-eagle,U1-L8-Q02,C,1759169501754,2025-09-30 04:35:07.717431+00,2025-10-08 01:20:44.526121+00
181,lemon-eagle,U1-L8-Q03,C,1759169696234,2025-09-30 04:35:07.850624+00,2025-10-08 01:20:44.352108+00
182,Apricot_Dog,U1-L5-Q01,C,1758245588699,2025-09-30 04:35:07.996075+00,2025-10-08 01:20:48.455571+00
183,Apricot_Dog,U1-L5-Q02,E,1758245609144,2025-09-30 04:35:08.112705+00,2025-10-08 01:20:48.357552+00
184,Apricot_Dog,U1-L5-Q03,D,1758245656315,2025-09-30 04:35:08.229207+00,2025-10-08 01:20:48.252709+00
185,Apricot_Dog,U1-L6-Q01,A,1758246363942,2025-09-30 04:35:08.376211+00,2025-10-08 01:20:48.136163+00
186,Apricot_Dog,U1-L6-Q02,D,1758246560341,2025-09-30 04:35:08.489342+00,2025-10-08 01:20:48.038043+00
187,Apricot_Dog,U1-L6-Q03,E,1758246699308,2025-09-30 04:35:08.605958+00,2025-10-08 01:20:47.9007+00
188,Apricot_Dog,U1-L7-Q01,B,1758892149589,2025-09-30 04:35:08.749595+00,2025-10-08 01:20:47.435106+00
189,Apricot_Dog,U1-L7-Q02,D,1758892161440,2025-09-30 04:35:08.890509+00,2025-10-08 01:20:47.294972+00
190,Apricot_Dog,U1-L7-Q03,A,1758892182009,2025-09-30 04:35:09.02663+00,2025-10-08 01:20:47.143825+00
191,Apricot_Dog,U1-L7-Q04,B,1758892191303,2025-09-30 04:35:09.151984+00,2025-10-08 01:20:47.027031+00
192,Apricot_Dog,U1-L7-Q05,A,1758892199257,2025-09-30 04:35:09.292719+00,2025-10-08 01:20:46.929708+00
193,Apricot_Dog,U1-L7-Q06,D,1758892207595,2025-09-30 04:35:09.419066+00,2025-10-08 01:20:46.820259+00
194,Apricot_Dog,U1-L8-Q03,C,1758892708801,2025-09-30 04:35:09.526834+00,2025-10-08 01:20:46.711799+00
195,Apricot_Dog,U1-L8-Q02,E,1758895162796,2025-09-30 04:35:09.644766+00,2025-10-08 01:20:46.495455+00
196,Apricot_Dog,U1-L8-Q01,D,1758895033898,2025-09-30 04:35:09.761059+00,2025-10-08 01:20:46.609573+00
197,Apricot_Dog,U1-L9-Q01,B,1759153345848,2025-09-30 04:35:09.883475+00,2025-10-08 01:20:46.396662+00
198,Apricot_Dog,U1-L9-Q03,B,1759183599355,2025-09-30 04:35:09.993579+00,2025-10-08 01:20:46.311823+00
199,Apricot_Dog,U1-L9-Q02,B,1759183913956,2025-09-30 04:35:10.094124+00,2025-10-08 01:20:46.206162+00
200,Banana_Goat,U1-L4-Q01,C,1757957574646,2025-09-30 04:35:10.228922+00,2025-10-08 01:20:57.896512+00
201,Banana_Goat,U1-L4-Q02,D,1757957578393,2025-09-30 04:35:10.332394+00,2025-10-08 01:20:57.799752+00
202,Banana_Goat,U1-L4-Q03,A,1757957580217,2025-09-30 04:35:10.448845+00,2025-10-08 01:20:57.703259+00
203,Banana_Goat,U1-L4-Q04,B,1757957587015,2025-09-30 04:35:10.557908+00,2025-10-08 01:20:57.59369+00
204,Banana_Goat,U1-L4-Q05,E,1757957596465,2025-09-30 04:35:10.668535+00,2025-10-08 01:20:57.509761+00
205,Banana_Goat,U1-L4-Q06,D,1757957621291,2025-09-30 04:35:10.795407+00,2025-10-08 01:20:57.423703+00
206,Banana_Goat,U1-L5-Q03,D,1758123349945,2025-09-30 04:35:10.911809+00,2025-10-08 01:20:57.324206+00
207,Banana_Goat,U1-L5-Q02,E,1758123353268,2025-09-30 04:35:11.02377+00,2025-10-08 01:20:57.235702+00
208,Banana_Goat,U1-L5-Q01,C,1758123356602,2025-09-30 04:35:11.136842+00,2025-10-08 01:20:57.141419+00
209,Banana_Goat,U1-L6-Q03,D,1758302844524,2025-09-30 04:35:11.248285+00,2025-10-08 01:20:57.051318+00
210,Banana_Goat,U1-L6-Q02,D,1758302846160,2025-09-30 04:35:11.391767+00,2025-10-08 01:20:56.95264+00
211,Banana_Goat,U1-L6-Q01,B,1758302848038,2025-09-30 04:35:11.495148+00,2025-10-08 01:20:56.861689+00
212,Banana_Goat,U1-L2-Q03,B,1758556202221,2025-09-30 04:35:11.612925+00,2025-10-08 01:20:56.760077+00
213,Banana_Goat,U1-L2-Q02,E,1758556204318,2025-09-30 04:35:11.732029+00,2025-10-08 01:20:56.661988+00
214,Banana_Goat,U1-L2-Q01,B,1758556206174,2025-09-30 04:35:11.844802+00,2025-10-08 01:20:56.442841+00
215,Banana_Goat,U1-L7-Q01,B,1758727641839,2025-09-30 04:35:11.957814+00,2025-10-08 01:20:56.346414+00
216,Banana_Goat,U1-L7-Q02,D,1758727761514,2025-09-30 04:35:12.073159+00,2025-10-08 01:20:56.259893+00
217,Banana_Goat,U1-L7-Q03,B,1758727914154,2025-09-30 04:35:12.18278+00,2025-10-08 01:20:56.152105+00
218,Banana_Goat,U1-L7-Q04,B,1758728184991,2025-09-30 04:35:12.303289+00,2025-10-08 01:20:56.042463+00
219,Banana_Goat,U1-L7-Q05,A,1758728635608,2025-09-30 04:35:12.423453+00,2025-10-08 01:20:55.91741+00
220,Banana_Goat,U1-L7-Q06,D,1758728899529,2025-09-30 04:35:12.531235+00,2025-10-08 01:20:55.79621+00
221,Banana_Goat,U1-L8-Q01,D,1759168951766,2025-09-30 04:35:12.660585+00,2025-10-08 01:20:55.69489+00
222,Banana_Goat,U1-L8-Q02,C,1759169154522,2025-09-30 04:35:12.796179+00,2025-10-08 01:20:55.584234+00
223,Banana_Goat,U1-L8-Q03,C,1759169426476,2025-09-30 04:35:12.947615+00,2025-10-08 01:20:55.449309+00
224,Banana_Fox,U1-L7-Q03,B,1758810427698,2025-09-30 04:35:13.064991+00,2025-10-08 01:21:08.319979+00
225,Banana_Fox,U1-L7-Q04,B,1758810722131,2025-09-30 04:35:13.188632+00,2025-10-08 01:21:08.187728+00
226,Banana_Fox,U1-L7-Q01,B,1758810868273,2025-09-30 04:35:13.294581+00,2025-10-08 01:21:07.993086+00
227,Banana_Fox,U1-L7-Q02,D,1758810890527,2025-09-30 04:35:13.395769+00,2025-10-08 01:21:07.864553+00
228,Banana_Fox,U1-L7-Q06,C,1758811152271,2025-09-30 04:35:13.509699+00,2025-10-08 01:21:07.760236+00
229,Banana_Fox,U1-L7-Q05,A,1758811248897,2025-09-30 04:35:13.62321+00,2025-10-08 01:21:07.640746+00
230,Apple_Monkey,U1-L7-Q06,C,1758810096385,2025-09-30 04:35:13.729135+00,2025-10-08 01:21:21.687691+00
231,Apple_Monkey,U1-L7-Q05,A,1758810056424,2025-09-30 04:35:13.849954+00,2025-10-08 01:21:21.917308+00
232,Apple_Monkey,U1-L7-Q04,E,1758810064196,2025-09-30 04:35:13.983836+00,2025-10-08 01:21:21.825574+00
233,Apple_Monkey,U1-L7-Q03,B,1758809737018,2025-09-30 04:35:14.135877+00,2025-10-08 01:21:22.270808+00
234,Apple_Monkey,U1-L7-Q02,D,1758809739325,2025-09-30 04:35:14.257485+00,2025-10-08 01:21:22.163456+00
235,Apple_Monkey,U1-L7-Q01,B,1758809748412,2025-09-30 04:35:14.370281+00,2025-10-08 01:21:22.040206+00
236,Coconut_Cat,U1-L3-Q01,E,1758128673817,2025-09-30 04:35:14.479302+00,2025-10-08 01:21:30.197076+00
237,Coconut_Cat,U1-L3-Q02,C,1758128984267,2025-09-30 04:35:14.596537+00,2025-10-08 01:21:30.110353+00
238,Coconut_Cat,U1-L3-Q03,E,1758129282757,2025-09-30 04:35:14.700632+00,2025-10-08 01:21:30.004465+00
239,Coconut_Cat,U1-L6-Q02,D,1758728450643,2025-09-30 04:35:14.805959+00,2025-10-08 01:21:29.84136+00
240,Coconut_Cat,U1-L6-Q03,C,1758728500500,2025-09-30 04:35:14.906957+00,2025-10-08 01:21:29.750639+00
241,Coconut_Cat,U1-L6-Q01,B,1758728332128,2025-09-30 04:35:15.022077+00,2025-10-08 01:21:29.927482+00
242,Coconut_Cat,U1-L2-Q01,B,1758728774688,2025-09-30 04:35:15.140265+00,2025-10-08 01:21:29.622075+00
243,Coconut_Cat,U1-L2-Q02,E,1758728852991,2025-09-30 04:35:15.253129+00,2025-10-08 01:21:29.527729+00
244,Coconut_Cat,U1-L2-Q03,E,1758728945839,2025-09-30 04:35:15.428938+00,2025-10-08 01:21:29.365667+00
245,Coconut_Cat,U1-L4-Q01,E,1758729013285,2025-09-30 04:35:15.554728+00,2025-10-08 01:21:29.264477+00
246,Coconut_Cat,U1-L4-Q02,A,1758729088347,2025-09-30 04:35:15.66186+00,2025-10-08 01:21:29.177827+00
247,Coconut_Cat,U1-L4-Q03,A,1758729178203,2025-09-30 04:35:15.782329+00,2025-10-08 01:21:29.069368+00
248,Coconut_Cat,U1-L4-Q04,B,1758729206196,2025-09-30 04:35:15.908346+00,2025-10-08 01:21:28.973887+00
249,Coconut_Cat,U1-L4-Q05,E,1758733333272,2025-09-30 04:35:16.05319+00,2025-10-08 01:21:28.873995+00
250,Coconut_Cat,U1-L4-Q06,D,1758733370165,2025-09-30 04:35:16.191032+00,2025-10-08 01:21:28.527983+00
251,Coconut_Cat,U1-L5-Q01,D,1758733690864,2025-09-30 04:35:16.314126+00,2025-10-08 01:21:28.439813+00
252,Coconut_Cat,U1-L5-Q02,E,1758733759391,2025-09-30 04:35:16.422338+00,2025-10-08 01:21:28.351414+00
253,Coconut_Cat,U1-L5-Q03,A,1758733804361,2025-09-30 04:35:16.525923+00,2025-10-08 01:21:28.272461+00
254,Guava_Cat,U1-L5-Q01,C,1758031153808,2025-09-30 04:35:16.637999+00,2025-10-08 01:20:12.953244+00
255,Guava_Cat,U1-L5-Q02,E,1758031197334,2025-09-30 04:35:16.759413+00,2025-10-08 01:20:12.840541+00
256,Guava_Cat,U1-L5-Q03,D,1758031218573,2025-09-30 04:35:16.869994+00,2025-10-08 01:20:12.718798+00
257,Guava_Cat,U1-L6-Q01,B,1758031253118,2025-09-30 04:35:17.01029+00,2025-10-08 01:20:12.597883+00
258,Guava_Cat,U1-L6-Q03,E,1758031272438,2025-09-30 04:35:17.137407+00,2025-10-08 01:20:12.472562+00
259,Guava_Cat,U1-L6-Q02,A,1758031276204,2025-09-30 04:35:17.275215+00,2025-10-08 01:20:12.293204+00
260,Mango_Tiger,U1-L6-Q02,E,1758727901622,2025-09-30 04:35:17.38729+00,2025-10-08 01:20:24.313338+00
261,Mango_Tiger,U1-L6-Q03,C,1758727912193,2025-09-30 04:35:17.498162+00,2025-10-08 01:20:24.146586+00
262,Mango_Tiger,U1-L6-Q01,E,1758728051535,2025-09-30 04:35:17.623926+00,2025-10-08 01:20:24.009413+00
263,Mango_Tiger,U1-L7-Q01,B,1758907430143,2025-09-30 04:35:17.78169+00,2025-10-08 01:20:23.894928+00
264,Mango_Tiger,U1-L7-Q02,D,1758907467484,2025-09-30 04:35:17.919521+00,2025-10-08 01:20:23.773741+00
265,Mango_Tiger,U1-L7-Q04,E,1758907775638,2025-09-30 04:35:18.031593+00,2025-10-08 01:20:23.642934+00
266,Mango_Tiger,U1-L7-Q06,B,1758908122896,2025-09-30 04:35:18.144644+00,2025-10-08 01:20:23.528937+00
267,Mango_Tiger,U1-L7-Q05,D,1758908173065,2025-09-30 04:35:18.271507+00,2025-10-08 01:20:23.424785+00
268,Mango_Tiger,U1-L7-Q03,B,1758908350091,2025-09-30 04:35:18.3795+00,2025-10-08 01:20:23.299623+00
269,Mango_Tiger,U1-L8-Q02,D,1759168891661,2025-09-30 04:35:18.496118+00,2025-10-08 01:20:23.157315+00
270,Mango_Tiger,U1-L8-Q01,D,1759169065716,2025-09-30 04:35:18.612978+00,2025-10-08 01:20:23.027311+00
271,Mango_Tiger,U1-L8-Q03,C,1759169186553,2025-09-30 04:35:18.73196+00,2025-10-08 01:20:22.905476+00
272,Plum_Iguana,U1-L4-Q01,C,1757958386209,2025-09-30 04:35:18.840066+00,2025-10-08 01:20:27.268702+00
273,Plum_Iguana,U1-L4-Q02,D,1757958389801,2025-09-30 04:35:18.963872+00,2025-10-08 01:20:27.180234+00
274,Plum_Iguana,U1-L4-Q03,A,1757958391659,2025-09-30 04:35:19.074428+00,2025-10-08 01:20:27.081123+00
275,Plum_Iguana,U1-L4-Q04,B,1757958395012,2025-09-30 04:35:19.195555+00,2025-10-08 01:20:26.981381+00
276,Plum_Iguana,U1-L4-Q05,C,1757958398140,2025-09-30 04:35:19.303117+00,2025-10-08 01:20:26.780583+00
277,Plum_Iguana,U1-L4-Q06,D,1757958399889,2025-09-30 04:35:19.413589+00,2025-10-08 01:20:26.65312+00
278,Plum_Iguana,U1-L5-Q03,B,1758129488489,2025-09-30 04:35:19.536825+00,2025-10-08 01:20:26.554596+00
279,Plum_Iguana,U1-L5-Q02,E,1758129491386,2025-09-30 04:35:19.656964+00,2025-10-08 01:20:26.458334+00
280,Plum_Iguana,U1-L5-Q01,B,1758129493704,2025-09-30 04:35:19.770913+00,2025-10-08 01:20:26.354564+00
281,Plum_Iguana,U1-L6-Q01,B,1758727687188,2025-09-30 04:35:19.887495+00,2025-10-08 01:20:26.272773+00
282,Plum_Iguana,U1-L6-Q03,D,1758727727673,2025-09-30 04:35:19.995577+00,2025-10-08 01:20:26.180179+00
283,Plum_Iguana,U1-L6-Q02,E,1758727796407,2025-09-30 04:35:20.120095+00,2025-10-08 01:20:26.07973+00
284,Plum_Iguana,U1-L7-Q03,B,1758908519808,2025-09-30 04:35:20.22239+00,2025-10-08 01:20:25.988492+00
285,Plum_Iguana,U1-L7-Q02,D,1758908528224,2025-09-30 04:35:20.341491+00,2025-10-08 01:20:25.522113+00
286,Plum_Iguana,U1-L7-Q01,B,1758908557909,2025-09-30 04:35:20.460148+00,2025-10-08 01:20:25.426064+00
287,Plum_Iguana,U1-L7-Q06,A,1758908907500,2025-09-30 04:35:20.571049+00,2025-10-08 01:20:25.331284+00
288,Plum_Iguana,U1-L7-Q05,A,1758908910219,2025-09-30 04:35:20.704575+00,2025-10-08 01:20:25.242476+00
289,Plum_Iguana,U1-L7-Q04,B,1758908911845,2025-09-30 04:35:20.819504+00,2025-10-08 01:20:25.094589+00
290,Plum_Iguana,U1-L8-Q01,D,1759170013593,2025-09-30 04:35:20.921905+00,2025-10-08 01:20:24.985403+00
291,Plum_Iguana,U1-L8-Q02,D,1759170039114,2025-09-30 04:35:21.033692+00,2025-10-08 01:20:24.874926+00
292,Plum_Iguana,U1-L8-Q03,A,1759170074118,2025-09-30 04:35:21.179933+00,2025-10-08 01:20:24.772308+00
293,Apple_Rabbit,U1-L4-Q06,D,1757943401521,2025-09-30 04:35:21.332451+00,2025-10-08 01:20:33.402929+00
294,Apple_Rabbit,U1-L4-Q05,E,1757943403365,2025-09-30 04:35:21.441742+00,2025-10-08 01:20:33.296477+00
295,Apple_Rabbit,U1-L4-Q04,B,1757943405277,2025-09-30 04:35:21.540872+00,2025-10-08 01:20:33.195617+00
296,Apple_Rabbit,U1-L4-Q03,A,1757943407685,2025-09-30 04:35:21.650973+00,2025-10-08 01:20:33.106633+00
297,Apple_Rabbit,U1-L4-Q02,D,1757943409770,2025-09-30 04:35:21.761083+00,2025-10-08 01:20:33.013407+00
298,Apple_Rabbit,U1-L4-Q01,C,1757943411890,2025-09-30 04:35:21.881009+00,2025-10-08 01:20:32.918139+00
299,Apple_Rabbit,U1-L5-Q01,C,1758204280227,2025-09-30 04:35:21.990367+00,2025-10-08 01:20:32.809925+00
300,Apple_Rabbit,U1-L5-Q02,E,1758204342964,2025-09-30 04:35:22.116653+00,2025-10-08 01:20:32.698473+00
301,Apple_Rabbit,U1-L5-Q03,D,1758204429556,2025-09-30 04:35:22.271559+00,2025-10-08 01:20:32.610252+00
302,Apple_Rabbit,U1-L6-Q01,B,1758286859140,2025-09-30 04:35:22.508936+00,2025-10-08 01:20:32.523415+00
303,Apple_Rabbit,U1-L6-Q02,E,1758286864964,2025-09-30 04:35:22.611838+00,2025-10-08 01:20:32.419612+00
304,Apple_Rabbit,U1-L6-Q03,D,1758286868273,2025-09-30 04:35:22.732755+00,2025-10-08 01:20:32.287522+00
305,Apple_Rabbit,U1-L7-Q01,B,1758808972449,2025-09-30 04:35:22.902349+00,2025-10-08 01:20:32.154558+00
306,Apple_Rabbit,U1-L7-Q02,D,1758809087651,2025-09-30 04:35:23.028341+00,2025-10-08 01:20:32.030875+00
307,Apple_Rabbit,U1-L7-Q03,B,1758809304319,2025-09-30 04:35:23.131058+00,2025-10-08 01:20:31.868475+00
308,Apple_Rabbit,U1-L7-Q04,B,1758809357377,2025-09-30 04:35:23.245238+00,2025-10-08 01:20:31.717781+00
309,Apple_Rabbit,U1-L7-Q05,A,1758809746705,2025-09-30 04:35:23.349039+00,2025-10-08 01:20:31.551255+00
310,Apple_Rabbit,U1-L7-Q06,D,1758810258882,2025-09-30 04:35:23.487541+00,2025-10-08 01:20:31.386134+00
311,Apple_Rabbit,U1-L8-Q01,D,1758892099657,2025-09-30 04:35:23.615218+00,2025-10-08 01:20:31.263172+00
312,Apple_Rabbit,U1-L8-Q02,C,1758892228485,2025-09-30 04:35:23.729806+00,2025-10-08 01:20:31.159549+00
313,Apple_Rabbit,U1-L8-Q03,E,1758892435413,2025-09-30 04:35:23.842745+00,2025-10-08 01:20:31.038891+00
314,Apple_Rabbit,U1-L9-Q01,B,1759153231550,2025-09-30 04:35:23.944587+00,2025-10-08 01:20:30.944447+00
315,Apple_Rabbit,U1-L9-Q02,B,1759166319697,2025-09-30 04:35:24.052206+00,2025-10-08 01:20:30.814459+00
316,Apple_Rabbit,U1-L9-Q03,B,1759166774776,2025-09-30 04:35:24.168635+00,2025-10-08 01:20:30.720302+00
317,Lemon_Eagle,U1-L3-Q01,E,1757958187438,2025-09-30 04:35:24.327262+00,2025-10-08 01:20:40.560378+00
318,Lemon_Eagle,U1-L3-Q02,B,1757958203146,2025-09-30 04:35:24.456703+00,2025-10-08 01:20:40.459223+00
319,Lemon_Eagle,U1-L3-Q03,E,1757958308792,2025-09-30 04:35:24.592452+00,2025-10-08 01:20:40.36777+00
320,Lemon_Eagle,U1-L4-Q01,C,1757958913606,2025-09-30 04:35:24.721859+00,2025-10-08 01:20:40.233439+00
321,Lemon_Eagle,U1-L4-Q02,E,1757958918443,2025-09-30 04:35:24.864472+00,2025-10-08 01:20:40.088915+00
322,Lemon_Eagle,U1-L4-Q03,A,1757959170557,2025-09-30 04:35:24.995004+00,2025-10-08 01:20:39.991702+00
323,Lemon_Eagle,U1-L4-Q04,B,1757959312227,2025-09-30 04:35:25.106468+00,2025-10-08 01:20:39.861223+00
324,Lemon_Eagle,U1-L4-Q05,D,1757959625955,2025-09-30 04:35:25.221248+00,2025-10-08 01:20:39.713395+00
325,Lemon_Eagle,U1-L4-Q06,D,1757959998270,2025-09-30 04:35:25.333362+00,2025-10-08 01:20:39.594584+00
326,Papaya_Fox,U1-L4-Q02,E,1757957654841,2025-09-30 04:35:25.437688+00,2025-10-08 01:20:45.831147+00
327,Papaya_Fox,U1-L4-Q01,C,1757957668917,2025-09-30 04:35:25.555747+00,2025-10-08 01:20:45.708445+00
328,Papaya_Fox,U1-L4-Q03,A,1757957783731,2025-09-30 04:35:25.666275+00,2025-10-08 01:20:45.602831+00
329,Papaya_Fox,U1-L4-Q04,B,1757958098522,2025-09-30 04:35:25.799043+00,2025-10-08 01:20:45.503129+00
330,Papaya_Fox,U1-L4-Q05,C,1757959070148,2025-09-30 04:35:25.904482+00,2025-10-08 01:20:45.405041+00
331,Papaya_Fox,U1-L4-Q06,D,1757959209590,2025-09-30 04:35:26.016427+00,2025-10-08 01:20:45.307183+00
332,Papaya_Fox,U1-L5-Q03,D,1758124779191,2025-09-30 04:35:26.122771+00,2025-10-08 01:20:45.191733+00
333,Papaya_Fox,U1-L5-Q02,A,1758124781567,2025-09-30 04:35:26.250736+00,2025-10-08 01:20:45.099394+00
334,Papaya_Fox,U1-L5-Q01,D,1758124783018,2025-09-30 04:35:26.38039+00,2025-10-08 01:20:44.997315+00
335,Papaya_Fox,U1-L6-Q02,A,1758303300259,2025-09-30 04:35:26.491631+00,2025-10-08 01:20:44.905359+00
336,Papaya_Fox,U1-L6-Q03,D,1758303413701,2025-09-30 04:35:26.62164+00,2025-10-08 01:20:44.803477+00
337,Papaya_Fox,U1-L6-Q01,B,1758303992090,2025-09-30 04:35:26.747092+00,2025-10-08 01:20:44.700064+00
338,Papaya_Fox,U1-L7-Q01,A,1758555677112,2025-09-30 04:35:26.884744+00,2025-10-08 01:20:44.607602+00
339,lemon_eagle,U1-L7-Q01,B,1758908422557,2025-09-30 04:35:27.038998+00,2025-10-08 01:20:54.674631+00
340,lemon_eagle,U1-L7-Q02,D,1758908464470,2025-09-30 04:35:27.199671+00,2025-10-08 01:20:54.574915+00
341,lemon_eagle,U1-L7-Q03,A,1758908590476,2025-09-30 04:35:27.368761+00,2025-10-08 01:20:54.472467+00
342,lemon_eagle,U1-L7-Q04,B,1758908653781,2025-09-30 04:35:27.480935+00,2025-10-08 01:20:54.366482+00
343,lemon_eagle,U1-L7-Q05,A,1758908669191,2025-09-30 04:35:27.594402+00,2025-10-08 01:20:54.252314+00
344,lemon_eagle,U1-L7-Q06,D,1758908797560,2025-09-30 04:35:27.71107+00,2025-10-08 01:20:54.111128+00
345,Cherry_Monkey,U1-L2-Q03,B,1758136870635,2025-09-30 04:35:27.885184+00,2025-10-08 01:21:01.186601+00
346,Cherry_Monkey,U1-L2-Q02,E,1758136874642,2025-09-30 04:35:28.037656+00,2025-10-08 01:21:01.093705+00
347,Cherry_Monkey,U1-L2-Q01,B,1758136877563,2025-09-30 04:35:28.194304+00,2025-10-08 01:21:01.001983+00
348,Cherry_Monkey,U1-L3-Q02,A,1758137239242,2025-09-30 04:35:28.345884+00,2025-10-08 01:21:00.914316+00
349,Cherry_Monkey,U1-L3-Q03,E,1758137242550,2025-09-30 04:35:28.473817+00,2025-10-08 01:21:00.805217+00
350,Cherry_Monkey,U1-L3-Q01,C,1758137262240,2025-09-30 04:35:28.590593+00,2025-10-08 01:21:00.708052+00
351,Cherry_Monkey,U1-L4-Q01,C,1758137609469,2025-09-30 04:35:28.719603+00,2025-10-08 01:21:00.596536+00
352,Cherry_Monkey,U1-L4-Q02,D,1758137611188,2025-09-30 04:35:28.869116+00,2025-10-08 01:21:00.506458+00
353,Cherry_Monkey,U1-L4-Q03,A,1758137622517,2025-09-30 04:35:28.979915+00,2025-10-08 01:21:00.412486+00
354,Cherry_Monkey,U1-L4-Q04,B,1758137634681,2025-09-30 04:35:29.096841+00,2025-10-08 01:21:00.306185+00
355,Cherry_Monkey,U1-L4-Q05,E,1758137648765,2025-09-30 04:35:29.208922+00,2025-10-08 01:21:00.204614+00
356,Cherry_Monkey,U1-L4-Q06,D,1758137658877,2025-09-30 04:35:29.334008+00,2025-10-08 01:21:00.100134+00
357,Cherry_Monkey,U1-L5-Q01,C,1758137699774,2025-09-30 04:35:29.444763+00,2025-10-08 01:20:59.983131+00
358,Cherry_Monkey,U1-L5-Q02,E,1758137703460,2025-09-30 04:35:29.56656+00,2025-10-08 01:20:59.879793+00
359,Cherry_Monkey,U1-L5-Q03,D,1758137706676,2025-09-30 04:35:29.677358+00,2025-10-08 01:20:59.769448+00
360,Cherry_Monkey,U1-L6-Q01,B,1758727605173,2025-09-30 04:35:29.793657+00,2025-10-08 01:20:59.661888+00
361,Cherry_Monkey,U1-L6-Q02,D,1758727609560,2025-09-30 04:35:29.895057+00,2025-10-08 01:20:59.565327+00
362,Cherry_Monkey,U1-L6-Q03,D,1758727613195,2025-09-30 04:35:29.999524+00,2025-10-08 01:20:59.437991+00
363,Cherry_Monkey,U1-L7-Q01,B,1758907576191,2025-09-30 04:35:30.10584+00,2025-10-08 01:20:59.3276+00
364,Cherry_Monkey,U1-L7-Q02,D,1758907672668,2025-09-30 04:35:30.210762+00,2025-10-08 01:20:59.227112+00
365,Cherry_Monkey,U1-L7-Q03,B,1758907721051,2025-09-30 04:35:30.323984+00,2025-10-08 01:20:59.14377+00
366,Cherry_Monkey,U1-L7-Q04,B,1758907753735,2025-09-30 04:35:30.435022+00,2025-10-08 01:20:59.048125+00
367,Cherry_Monkey,U1-L7-Q05,A,1758907792284,2025-09-30 04:35:30.555218+00,2025-10-08 01:20:58.943205+00
368,Cherry_Monkey,U1-L7-Q06,D,1758907825314,2025-09-30 04:35:30.678869+00,2025-10-08 01:20:58.839973+00
369,Cherry_Monkey,U1-L8-Q01,D,1759169141305,2025-09-30 04:35:30.817518+00,2025-10-08 01:20:58.74666+00
370,Cherry_Monkey,U1-L8-Q02,C,1759169162920,2025-09-30 04:35:30.932748+00,2025-10-08 01:20:58.660178+00
371,Cherry_Monkey,U1-L8-Q03,C,1759169208218,2025-09-30 04:35:31.053426+00,2025-10-08 01:20:58.558934+00
372,Grape_Koala,U1-L4-Q01,C,1757957707132,2025-09-30 04:35:31.167467+00,2025-10-08 01:20:39.505246+00
373,Grape_Koala,U1-L4-Q06,E,1757958163264,2025-09-30 04:35:31.279336+00,2025-10-08 01:20:39.397377+00
374,Grape_Koala,U1-L4-Q05,C,1757958165451,2025-09-30 04:35:31.388815+00,2025-10-08 01:20:39.245077+00
375,Grape_Koala,U1-L4-Q04,D,1757958231569,2025-09-30 04:35:31.512524+00,2025-10-08 01:20:39.128838+00
376,Grape_Koala,U1-L4-Q02,E,1757958337574,2025-09-30 04:35:31.660515+00,2025-10-08 01:20:39.028597+00
377,Grape_Koala,U1-L4-Q03,A,1757958344804,2025-09-30 04:35:31.766069+00,2025-10-08 01:20:38.929988+00
378,Grape_Koala,U1-L5-Q01,C,1758128530143,2025-09-30 04:35:31.880884+00,2025-10-08 01:20:38.829843+00
379,Grape_Koala,U1-L5-Q02,E,1758128532157,2025-09-30 04:35:32.001595+00,2025-10-08 01:20:38.735039+00
380,Grape_Koala,U1-L5-Q03,D,1758128533607,2025-09-30 04:35:32.110358+00,2025-10-08 01:20:38.636258+00
381,Grape_Koala,U1-L6-Q02,C,1758727465931,2025-09-30 04:35:32.226515+00,2025-10-08 01:20:38.526077+00
382,Grape_Koala,U1-L6-Q01,B,1758727468610,2025-09-30 04:35:32.346569+00,2025-10-08 01:20:38.440893+00
383,Grape_Koala,U1-L6-Q03,C,1758727487544,2025-09-30 04:35:32.468936+00,2025-10-08 01:20:38.35043+00
384,Papaya_Goat,U1-L6-Q01,B,1758727631155,2025-09-30 04:35:32.581+00,2025-10-08 01:21:02.161217+00
385,Papaya_Goat,U1-L6-Q02,D,1758728006643,2025-09-30 04:35:32.687133+00,2025-10-08 01:21:02.069668+00
386,Papaya_Goat,U1-L6-Q03,D,1758728066790,2025-09-30 04:35:32.79123+00,2025-10-08 01:21:01.953891+00
387,Papaya_Goat,U1-L4-Q01,C,1757957407082,2025-09-30 04:35:32.885983+00,2025-10-08 01:21:02.777713+00
388,Papaya_Goat,U1-L4-Q02,D,1757957472880,2025-09-30 04:35:32.995487+00,2025-10-08 01:21:02.66215+00
389,Papaya_Goat,U1-L4-Q03,A,1757957568226,2025-09-30 04:35:33.122038+00,2025-10-08 01:21:02.554831+00
390,Papaya_Goat,U1-L4-Q04,B,1757957867709,2025-09-30 04:35:33.231506+00,2025-10-08 01:21:02.464149+00
391,Papaya_Goat,U1-L4-Q05,C,1757957950538,2025-09-30 04:35:33.34271+00,2025-10-08 01:21:02.370567+00
392,Papaya_Goat,U1-L4-Q06,D,1757958178840,2025-09-30 04:35:33.453534+00,2025-10-08 01:21:02.257519+00
393,Kiwi_Panda,U1-L4-Q01,C,1758303714035,2025-09-30 04:35:33.555259+00,2025-10-08 01:21:16.382661+00
394,Kiwi_Panda,U1-L4-Q02,E,1758304161972,2025-09-30 04:35:33.659909+00,2025-10-08 01:21:16.289256+00
395,Kiwi_Panda,U1-L4-Q03,A,1758305902008,2025-09-30 04:35:33.775935+00,2025-10-08 01:21:16.172347+00
396,Kiwi_Panda,U1-L4-Q04,B,1758306012896,2025-09-30 04:35:33.90806+00,2025-10-08 01:21:16.059518+00
397,Kiwi_Panda,U1-L4-Q05,A,1758331240613,2025-09-30 04:35:34.026758+00,2025-10-08 01:21:15.931835+00
398,Kiwi_Panda,U1-L4-Q06,D,1758331498775,2025-09-30 04:35:34.125388+00,2025-10-08 01:21:15.823939+00
399,Kiwi_Panda,U1-L5-Q01,C,1758332113107,2025-09-30 04:35:34.237046+00,2025-10-08 01:21:15.699768+00
400,Kiwi_Panda,U1-L5-Q02,E,1758332314531,2025-09-30 04:35:34.342075+00,2025-10-08 01:21:15.580672+00
401,Kiwi_Panda,U1-L5-Q03,B,1758332617024,2025-09-30 04:35:34.465337+00,2025-10-08 01:21:15.477227+00
402,Kiwi_Panda,U1-L6-Q03,D,1758333189480,2025-09-30 04:35:34.569701+00,2025-10-08 01:21:15.382015+00
403,Kiwi_Panda,U1-L6-Q02,D,1758728620425,2025-09-30 04:35:34.669811+00,2025-10-08 01:21:15.195805+00
404,Kiwi_Panda,U1-L6-Q01,B,1758336376219,2025-09-30 04:35:34.774385+00,2025-10-08 01:21:15.292939+00
405,Kiwi_Panda,U1-L7-Q02,D,1758908093962,2025-09-30 04:35:34.881607+00,2025-10-08 01:21:15.100642+00
406,Kiwi_Panda,U1-L7-Q03,B,1758908697676,2025-09-30 04:35:34.989881+00,2025-10-08 01:21:14.995668+00
407,Kiwi_Panda,U1-L7-Q01,D,1758909109601,2025-09-30 04:35:35.100175+00,2025-10-08 01:21:14.875799+00
408,Kiwi_Panda,U1-L7-Q04,B,1759191505696,2025-09-30 04:35:35.203959+00,2025-10-08 01:21:14.782067+00
409,Kiwi_Panda,U1-L7-Q05,A,1759191928176,2025-09-30 04:35:35.306959+00,2025-10-08 01:21:14.679598+00
410,Kiwi_Panda,U1-L7-Q06,D,1759192118686,2025-09-30 04:35:35.430705+00,2025-10-08 01:21:14.566104+00
411,Kiwi_Panda,U1-L8-Q01,D,1759192467903,2025-09-30 04:35:35.541533+00,2025-10-08 01:21:14.466755+00
412,Kiwi_Panda,U1-L8-Q02,D,1759192912076,2025-09-30 04:35:35.650827+00,2025-10-08 01:21:14.355812+00
413,Kiwi_Panda,U1-L8-Q03,C,1759193074817,2025-09-30 04:35:35.762776+00,2025-10-08 01:21:14.259852+00
414,Grape_Fox,U1-L4-Q02,E,1757957654841,2025-09-30 04:35:35.868239+00,2025-10-08 01:21:19.870284+00
415,Grape_Fox,U1-L4-Q01,C,1757957668917,2025-09-30 04:35:35.991769+00,2025-10-08 01:21:19.730992+00
416,Grape_Fox,U1-L4-Q03,A,1757957783731,2025-09-30 04:35:36.135571+00,2025-10-08 01:21:19.582681+00
417,Grape_Fox,U1-L4-Q04,B,1757958098522,2025-09-30 04:35:36.258742+00,2025-10-08 01:21:19.462826+00
418,Grape_Fox,U1-L4-Q05,C,1757959070148,2025-09-30 04:35:36.371618+00,2025-10-08 01:21:19.35584+00
419,Grape_Fox,U1-L4-Q06,D,1757959209590,2025-09-30 04:35:36.482085+00,2025-10-08 01:21:19.250564+00
420,Grape_Fox,U1-L5-Q03,D,1758125694669,2025-09-30 04:35:36.590042+00,2025-10-08 01:21:18.96437+00
421,Grape_Fox,U1-L5-Q02,E,1758125562114,2025-09-30 04:35:36.695435+00,2025-10-08 01:21:19.059515+00
422,Grape_Fox,U1-L5-Q01,C,1758125529068,2025-09-30 04:35:36.81133+00,2025-10-08 01:21:19.154822+00
423,Grape_Fox,U1-L6-Q02,D,1758727715079,2025-09-30 04:35:36.93932+00,2025-10-08 01:21:18.595457+00
424,Grape_Fox,U1-L6-Q03,D,1758727722650,2025-09-30 04:35:37.113985+00,2025-10-08 01:21:18.49414+00
425,Grape_Fox,U1-L6-Q01,B,1758727707012,2025-09-30 04:35:37.234815+00,2025-10-08 01:21:18.729236+00
426,Grape_Fox,U1-L7-Q01,B,1758907487434,2025-09-30 04:35:37.340618+00,2025-10-08 01:21:18.397988+00
427,Grape_Fox,U1-L7-Q02,D,1758907495789,2025-09-30 04:35:37.44551+00,2025-10-08 01:21:18.30077+00
428,Grape_Fox,U1-L7-Q03,B,1758907540787,2025-09-30 04:35:37.555858+00,2025-10-08 01:21:18.201009+00
429,Grape_Fox,U1-L7-Q04,A,1758908645437,2025-09-30 04:35:37.706867+00,2025-10-08 01:21:18.090162+00
430,Grape_Fox,U1-L7-Q05,A,1758910394299,2025-09-30 04:35:37.816152+00,2025-10-08 01:21:17.976635+00
431,Grape_Fox,U1-L7-Q06,D,1758944736664,2025-09-30 04:35:37.931268+00,2025-10-08 01:21:17.853415+00
432,Grape_Fox,U1-L8-Q01,D,1759198375145,2025-09-30 04:35:38.050105+00,2025-10-08 01:21:17.738409+00
433,Grape_Fox,U1-L8-Q02,C,1759198397055,2025-09-30 04:35:38.186799+00,2025-10-08 01:21:17.514127+00
434,Grape_Fox,U1-L8-Q03,D,1759198456929,2025-09-30 04:35:38.327235+00,2025-10-08 01:21:17.425986+00
435,mango_panda,U1-L6-Q01,B,1758204438885,2025-09-30 04:35:38.451062+00,2025-10-08 01:20:15.389639+00
436,mango_panda,U1-L6-Q02,A,1758204441226,2025-09-30 04:35:38.574425+00,2025-10-08 01:20:15.306075+00
437,mango_panda,U1-L6-Q03,E,1758204442435,2025-09-30 04:35:38.685228+00,2025-10-08 01:20:15.216158+00
438,mango_panda,U1-L7-Q01,C,1758204553422,2025-09-30 04:35:38.804603+00,2025-10-08 01:20:15.134317+00
439,mango_panda,U1-L7-Q03,B,1758204573718,2025-09-30 04:35:38.909205+00,2025-10-08 01:20:15.042811+00
440,Guava_Wolf,U1-L4-Q01,C,1757960628906,2025-09-30 04:35:39.027161+00,2025-10-08 01:20:29.292868+00
441,Guava_Wolf,U1-L4-Q02,E,1757960636504,2025-09-30 04:35:39.147727+00,2025-10-08 01:20:29.209762+00
442,Guava_Wolf,U1-L4-Q03,A,1757960643802,2025-09-30 04:35:39.277983+00,2025-10-08 01:20:29.113275+00
443,Guava_Wolf,U1-L4-Q04,B,1757960650829,2025-09-30 04:35:39.460258+00,2025-10-08 01:20:29.009157+00
444,Guava_Wolf,U1-L4-Q05,D,1757960658166,2025-09-30 04:35:39.614502+00,2025-10-08 01:20:28.633445+00
445,Guava_Wolf,U1-L4-Q06,D,1757960664907,2025-09-30 04:35:39.760842+00,2025-10-08 01:20:28.391283+00
446,Guava_Wolf,U1-L7-Q01,B,1758908130690,2025-09-30 04:35:39.90389+00,2025-10-08 01:20:28.265554+00
447,Guava_Wolf,U1-L7-Q02,D,1758908174568,2025-09-30 04:35:40.047368+00,2025-10-08 01:20:28.135006+00
448,Guava_Wolf,U1-L7-Q05,A,1758908443167,2025-09-30 04:35:40.165807+00,2025-10-08 01:20:28.025104+00
449,Guava_Wolf,U1-L7-Q04,B,1758908636866,2025-09-30 04:35:40.278898+00,2025-10-08 01:20:27.881244+00
450,Guava_Wolf,U1-L7-Q03,B,1758908666902,2025-09-30 04:35:40.410386+00,2025-10-08 01:20:27.761217+00
451,Guava_Wolf,U1-L7-Q06,D,1758908966998,2025-09-30 04:35:40.52236+00,2025-10-08 01:20:27.651391+00
452,papaya_goat,U1-L4-Q01,C,1757957407082,2025-09-30 04:35:40.653927+00,2025-10-08 01:20:53.483842+00
453,papaya_goat,U1-L4-Q02,D,1757957472880,2025-09-30 04:35:40.80782+00,2025-10-08 01:20:53.382914+00
454,papaya_goat,U1-L4-Q03,A,1757957568226,2025-09-30 04:35:40.959576+00,2025-10-08 01:20:53.293141+00
455,papaya_goat,U1-L4-Q04,B,1757957867709,2025-09-30 04:35:41.084604+00,2025-10-08 01:20:53.204914+00
456,papaya_goat,U1-L4-Q05,C,1757957950538,2025-09-30 04:35:41.19485+00,2025-10-08 01:20:53.092317+00
457,papaya_goat,U1-L4-Q06,D,1757958178840,2025-09-30 04:35:41.313384+00,2025-10-08 01:20:53.000387+00
458,papaya_goat,U1-L7-Q01,B,1758907835678,2025-09-30 04:35:41.452497+00,2025-10-08 01:20:52.908767+00
459,papaya_goat,U1-L7-Q02,D,1758908087187,2025-09-30 04:35:41.598879+00,2025-10-08 01:20:52.799046+00
460,papaya_goat,U1-L7-Q03,B,1758908488040,2025-09-30 04:35:41.739208+00,2025-10-08 01:20:52.695818+00
461,papaya_goat,U1-L7-Q04,B,1758908507799,2025-09-30 04:35:41.862863+00,2025-10-08 01:20:52.598271+00
462,papaya_goat,U1-L7-Q05,A,1758908512759,2025-09-30 04:35:41.985993+00,2025-10-08 01:20:52.478778+00
463,papaya_goat,U1-L7-Q06,D,1758908576676,2025-09-30 04:35:42.123443+00,2025-10-08 01:20:52.382712+00
464,Apricot_Horse,U1-L5-Q02,E,1758204943644,2025-09-30 04:35:42.256854+00,2025-10-08 01:21:05.65146+00
465,Apricot_Horse,U1-L5-Q03,D,1758205525864,2025-09-30 04:35:42.437174+00,2025-10-08 01:21:05.520241+00
466,Apricot_Horse,U1-L5-Q01,C,1758204613326,2025-09-30 04:35:42.56276+00,2025-10-08 01:21:05.766848+00
467,Apricot_Horse,U1-L6-Q01,D,1758287414856,2025-09-30 04:35:42.684761+00,2025-10-08 01:21:04.707567+00
468,Apricot_Horse,U1-L6-Q02,D,1758287420013,2025-09-30 04:35:42.793606+00,2025-10-08 01:21:04.618544+00
469,Apricot_Horse,U1-L6-Q03,C,1758287422549,2025-09-30 04:35:42.918333+00,2025-10-08 01:21:04.514362+00
470,Apricot_Horse,U1-L3-Q02,B,1758287033465,2025-09-30 04:35:43.035407+00,2025-10-08 01:21:05.399392+00
471,Apricot_Horse,U1-L3-Q03,E,1758287034908,2025-09-30 04:35:43.171389+00,2025-10-08 01:21:05.285672+00
472,Apricot_Horse,U1-L3-Q01,E,1758287037477,2025-09-30 04:35:43.291858+00,2025-10-08 01:21:05.188785+00
473,Apricot_Horse,U1-L2-Q03,B,1758287053806,2025-09-30 04:35:43.412439+00,2025-10-08 01:21:04.998541+00
474,Apricot_Horse,U1-L2-Q02,E,1758287056234,2025-09-30 04:35:43.526452+00,2025-10-08 01:21:04.916377+00
475,Apricot_Horse,U1-L2-Q01,B,1758287057668,2025-09-30 04:35:43.663361+00,2025-10-08 01:21:04.811981+00
476,Apricot_Horse,U1-L7-Q01,B,1758809138423,2025-09-30 04:35:43.783152+00,2025-10-08 01:21:04.424991+00
477,Apricot_Horse,U1-L7-Q03,B,1758809207994,2025-09-30 04:35:43.906033+00,2025-10-08 01:21:04.327037+00
478,Apricot_Horse,U1-L7-Q02,D,1758809233759,2025-09-30 04:35:44.041115+00,2025-10-08 01:21:04.223216+00
479,Apricot_Horse,U1-L7-Q04,E,1758809273314,2025-09-30 04:35:44.274596+00,2025-10-08 01:21:04.119996+00
480,Apricot_Horse,U1-L7-Q05,A,1758809292955,2025-09-30 04:35:44.429812+00,2025-10-08 01:21:04.002477+00
481,Apricot_Horse,U1-L7-Q06,B,1758809354140,2025-09-30 04:35:44.572407+00,2025-10-08 01:21:03.904797+00
482,Apricot_Horse,U1-L8-Q01,C,1758892036979,2025-09-30 04:35:44.69112+00,2025-10-08 01:21:03.728188+00
483,Apricot_Horse,U1-L8-Q02,B,1758892052673,2025-09-30 04:35:44.836429+00,2025-10-08 01:21:03.610507+00
484,Apricot_Horse,U1-L8-Q03,E,1758892087217,2025-09-30 04:35:45.000609+00,2025-10-08 01:21:03.493376+00
485,Mango_Dog,U1-L4-Q04,B,1757958143305,2025-09-30 04:35:45.128901+00,2025-10-08 01:21:13.028068+00
486,Mango_Dog,U1-L4-Q05,E,1757958983289,2025-09-30 04:35:45.254312+00,2025-10-08 01:21:12.913259+00
487,Mango_Dog,U1-L4-Q06,D,1757959394340,2025-09-30 04:35:45.379859+00,2025-10-08 01:21:12.79815+00
488,Mango_Dog,U1-L5-Q01,C,1758125663996,2025-09-30 04:35:45.504436+00,2025-10-08 01:21:12.694721+00
489,Mango_Dog,U1-L5-Q02,E,1758125772706,2025-09-30 04:35:45.619705+00,2025-10-08 01:21:12.580132+00
490,Mango_Dog,U1-L5-Q03,D,1758125881134,2025-09-30 04:35:45.756994+00,2025-10-08 01:21:12.481558+00
491,Mango_Dog,U1-L6-Q01,B,1758727511510,2025-09-30 04:35:45.870429+00,2025-10-08 01:21:12.38854+00
492,Mango_Dog,U1-L6-Q02,E,1758727895606,2025-09-30 04:35:46.013066+00,2025-10-08 01:21:12.173382+00
493,Mango_Dog,U1-L6-Q03,D,1758727879951,2025-09-30 04:35:46.132407+00,2025-10-08 01:21:12.284732+00
494,Mango_Dog,U1-L7-Q01,B,1758907692395,2025-09-30 04:35:46.255013+00,2025-10-08 01:21:12.028496+00
495,Mango_Dog,U1-L7-Q02,D,1758907896162,2025-09-30 04:35:46.373387+00,2025-10-08 01:21:11.88303+00
496,Mango_Dog,U1-L7-Q03,B,1758908349849,2025-09-30 04:35:46.510207+00,2025-10-08 01:21:11.773166+00
497,Mango_Dog,U1-L7-Q04,B,1758908994445,2025-09-30 04:35:46.642162+00,2025-10-08 01:21:11.54136+00
498,Mango_Dog,U1-L7-Q05,A,1758909097770,2025-09-30 04:35:46.76598+00,2025-10-08 01:21:11.302994+00
499,Mango_Dog,U1-L7-Q06,D,1758908914339,2025-09-30 04:35:46.88565+00,2025-10-08 01:21:11.650912+00
500,Papaya_Eagle,U1-L6-Q01,D,1758809074807,2025-09-30 04:35:47.009731+00,2025-10-08 01:21:26.707693+00
501,Papaya_Eagle,U1-L6-Q02,B,1758809077622,2025-09-30 04:35:47.130741+00,2025-10-08 01:21:26.61707+00
502,Papaya_Eagle,U1-L6-Q03,C,1758809080747,2025-09-30 04:35:47.250705+00,2025-10-08 01:21:26.522664+00
503,Papaya_Eagle,U1-L7-Q06,C,1758809134560,2025-09-30 04:35:47.40687+00,2025-10-08 01:21:26.424722+00
504,Papaya_Eagle,U1-L7-Q05,B,1758809136087,2025-09-30 04:35:47.52222+00,2025-10-08 01:21:26.333438+00
505,Papaya_Eagle,U1-L7-Q04,E,1758809138520,2025-09-30 04:35:47.665001+00,2025-10-08 01:21:26.248072+00
506,Papaya_Eagle,U1-L7-Q03,C,1758809140108,2025-09-30 04:35:47.788918+00,2025-10-08 01:21:26.157516+00
507,Papaya_Eagle,U1-L7-Q02,B,1758809141900,2025-09-30 04:35:47.91846+00,2025-10-08 01:21:26.068312+00
508,Papaya_Eagle,U1-L7-Q01,E,1758809143714,2025-09-30 04:35:48.055774+00,2025-10-08 01:21:25.976454+00
509,Papaya_Eagle,U1-L8-Q02,B,1758892081120,2025-09-30 04:35:48.189842+00,2025-10-08 01:21:25.879196+00
510,Papaya_Eagle,U1-L8-Q01,C,1758892082444,2025-09-30 04:35:48.345696+00,2025-10-08 01:21:25.773918+00
511,Papaya_Eagle,U1-L8-Q03,E,1758892147607,2025-09-30 04:35:48.485154+00,2025-10-08 01:21:25.690525+00
512,teacher_man,U1-L4-Q01,C,1759209638080,2025-09-30 05:05:52.557844+00,2025-10-08 01:21:09.395564+00
513,teacher_man,U1-L4-Q02,B,1759211062812,2025-09-30 05:06:24.633029+00,2025-10-08 01:21:09.305521+00
514,teacher_man,U1-L5-Q01,D,1759208836776,2025-09-30 05:07:44.621411+00,2025-10-08 01:21:09.605675+00
515,teacher_man,U1-L6-Q01,D,1759208870640,2025-09-30 05:08:18.377906+00,2025-10-08 01:21:09.512247+00
518,teacher_man,U1-L2-Q01,E,1759291735401,2025-09-30 05:18:00.165063+00,2025-10-08 01:21:08.797094+00
521,apple_rabbit,U1-L2-Q01,B,1757683639793,2025-09-30 05:32:09.637542+00,2025-10-08 01:20:35.843627+00
522,apple_rabbit,U1-L2-Q02,E,1757683678357,2025-09-30 05:32:09.743176+00,2025-10-08 01:20:35.730459+00
523,apple_rabbit,U1-L2-Q03,B,1757683740521,2025-09-30 05:32:09.82644+00,2025-10-08 01:20:35.613752+00
524,apple_rabbit,U1-L3-Q03,E,1757683800760,2025-09-30 05:32:09.906535+00,2025-10-08 01:20:35.474964+00
525,apple_rabbit,U1-L3-Q01,E,1757683806403,2025-09-30 05:32:09.978684+00,2025-10-08 01:20:35.342476+00
526,apple_rabbit,U1-L3-Q02,B,1757683809760,2025-09-30 05:32:10.054604+00,2025-10-08 01:20:35.235794+00
527,apple_rabbit,U1-L4-Q06,D,1757943401521,2025-09-30 05:32:10.133403+00,2025-10-08 01:20:35.128464+00
528,apple_rabbit,U1-L4-Q05,E,1757943403365,2025-09-30 05:32:10.221527+00,2025-10-08 01:20:35.035212+00
529,apple_rabbit,U1-L4-Q04,B,1757943405277,2025-09-30 05:32:10.312271+00,2025-10-08 01:20:34.925068+00
530,apple_rabbit,U1-L4-Q03,A,1757943407685,2025-09-30 05:32:10.424312+00,2025-10-08 01:20:34.813625+00
531,apple_rabbit,U1-L4-Q02,D,1757943409770,2025-09-30 05:32:10.855841+00,2025-10-08 01:20:34.693149+00
532,apple_rabbit,U1-L4-Q01,C,1757943411890,2025-09-30 05:32:10.958566+00,2025-10-08 01:20:34.580691+00
533,apple_rabbit,U1-L5-Q01,C,1758204280227,2025-09-30 05:32:11.063655+00,2025-10-08 01:20:34.48183+00
534,apple_rabbit,U1-L5-Q02,E,1758204342964,2025-09-30 05:32:11.15706+00,2025-10-08 01:20:34.376867+00
535,apple_rabbit,U1-L5-Q03,D,1758204429556,2025-09-30 05:32:11.232506+00,2025-10-08 01:20:34.276572+00
536,teacher_man,U2-L3-Q01,B,1759211183405,2025-09-30 05:46:51.33682+00,2025-10-08 01:21:09.199073+00
537,teacher_man,U2-L3-Q02,A,1759211224336,2025-09-30 05:47:32.168696+00,2025-10-08 01:21:09.095357+00
538,Plum_iguana,U1-L3-Q01,E,1757701156797,2025-09-30 12:11:39.142881+00,2025-10-08 01:20:19.078087+00
539,Plum_iguana,U1-L3-Q02,A,1757701207441,2025-09-30 12:11:39.2837+00,2025-10-08 01:20:18.972508+00
540,Plum_iguana,U1-L3-Q03,E,1757701210915,2025-09-30 12:11:39.412249+00,2025-10-08 01:20:18.874331+00
541,Plum_iguana,U1-L4-Q01,C,1757958386209,2025-09-30 12:11:39.525286+00,2025-10-08 01:20:18.788684+00
542,Plum_iguana,U1-L4-Q02,D,1757958389801,2025-09-30 12:11:39.655438+00,2025-10-08 01:20:18.672547+00
543,Plum_iguana,U1-L4-Q03,A,1757958391659,2025-09-30 12:11:39.821559+00,2025-10-08 01:20:18.582429+00
544,Plum_iguana,U1-L4-Q04,B,1757958395012,2025-09-30 12:11:39.959668+00,2025-10-08 01:20:18.474733+00
545,Plum_iguana,U1-L4-Q06,D,1757958399889,2025-09-30 12:11:55.260197+00,2025-10-08 01:20:18.243682+00
546,Kiwi_Monkey,U9-L2-Q04,B,1759240898439,2025-09-30 14:01:38.8904+00,2025-10-07 01:31:45.951481+00
547,Kiwi_Monkey,U9-L2-Q05,A,1759240903472,2025-09-30 14:01:43.547878+00,2025-10-07 01:31:45.951481+00
548,Kiwi_Monkey,U9-L2-Q06,D,1759240908667,2025-09-30 14:01:48.696066+00,2025-10-07 01:31:45.951481+00
549,Kiwi_Monkey,U9-L2-Q08,E,1759240915416,2025-09-30 14:01:55.633646+00,2025-10-07 01:31:45.951481+00
550,Kiwi_Monkey,U9-L2-Q07,C,1759240913204,2025-09-30 14:02:08.391382+00,2025-10-07 01:31:45.951481+00
551,Kiwi_Monkey,U9-L2-Q09,B,1759240981875,2025-09-30 14:03:02.095274+00,2025-10-07 01:31:45.951481+00
553,teacher_man,U1-PC-FRQ-Q02,dfsdf,1759282313981,2025-10-01 01:32:22.455688+00,2025-10-08 01:21:08.978991+00
554,teacher_man,U1-PC-MCQ-A-Q01,C,1759282329071,2025-10-01 01:32:37.359535+00,2025-10-08 01:21:08.884953+00
555,test_user,U1-L2-Q01,A,1759633509968,2025-10-01 03:00:24.013606+00,2025-10-08 01:20:30.447625+00
557,Lime_Lion,U1-L3-Q01,A,1759626677521,2025-10-02 00:29:45.73237+00,2025-10-08 01:20:52.186232+00
558,Lime_Lion,U1-L3-Q02,A,1759626688336,2025-10-02 00:32:46.665365+00,2025-10-08 01:20:52.087269+00
559,Mango_Dog,U1-L8-Q01,D,1759493202866,2025-10-03 12:06:43.463826+00,2025-10-08 01:21:11.186493+00
560,Mango_Dog,U1-L8-Q02,C,1759493208258,2025-10-03 12:06:48.431362+00,2025-10-08 01:21:11.080009+00
561,Mango_Dog,U1-L8-Q03,C,1759493214025,2025-10-03 12:06:54.213674+00,2025-10-08 01:21:10.887852+00
1304,Papaya_Iguana,U1-L9-Q01,B,1759512845744,2025-10-03 17:34:05.958785+00,2025-10-08 01:20:40.841638+00
1307,Papaya_Iguana,U1-L9-Q02,B,1759512884046,2025-10-03 17:34:44.234082+00,2025-10-08 01:20:40.747205+00
1308,Grape_Fox,U1-L9-Q01,B,1759512888751,2025-10-03 17:34:49.020198+00,2025-10-08 01:21:17.308516+00
1309,Papaya_Iguana,U1-L9-Q03,D,1759512901656,2025-10-03 17:35:01.81533+00,2025-10-08 01:20:40.659577+00
1310,Coconut_Cat,U1-L7-Q01,B,1759512911283,2025-10-03 17:35:10.936874+00,2025-10-08 01:21:28.188356+00
1311,Plum_iguana,U1-L4-Q05,C,1757958398140,2025-10-03 17:35:17.324535+00,2025-10-08 01:20:18.369793+00
1312,Mango_Tiger,U1-L9-Q01,B,1759512952011,2025-10-03 17:35:52.274639+00,2025-10-08 01:20:22.816615+00
1313,Grape_Koala,U1-L9-Q01,B,1759512959380,2025-10-03 17:35:59.554126+00,2025-10-08 01:20:38.252252+00
1317,Plum_Iguana,U1-L9-Q01,C,1759512907602,2025-10-03 17:36:01.034238+00,2025-10-08 01:20:24.628128+00
1318,Banana_Goat,U1-L9-Q01,B,1759512983363,2025-10-03 17:36:23.669695+00,2025-10-08 01:20:55.305706+00
1321,Papaya_Goat,U1-L9-Q01,B,1759513000654,2025-10-03 17:36:40.984168+00,2025-10-08 01:21:01.832984+00
1322,Cherry_Monkey,U1-L9-Q01,B,1759513025043,2025-10-03 17:37:05.21538+00,2025-10-08 01:20:58.463056+00
1323,Plum_iguana,U1-L9-Q01,B,1759513030573,2025-10-03 17:37:10.380573+00,2025-10-08 01:20:18.147974+00
1324,Coconut_Cat,U1-L9-Q01,B,1759513044529,2025-10-03 17:37:24.173506+00,2025-10-08 01:21:28.054827+00
1325,Papaya_Goat,U1-L9-Q02,E,1759513054738,2025-10-03 17:37:34.932837+00,2025-10-08 01:21:01.724848+00
1326,lemon-eagle,U1-L9-Q01,B,1759513060453,2025-10-03 17:37:41.39453+00,2025-10-08 01:20:44.254593+00
1327,Mango_Tiger,U1-L9-Q03,B,1759513076463,2025-10-03 17:37:56.713347+00,2025-10-08 01:20:22.686873+00
1328,Plum_Iguana,U1-L9-Q02,B,1759513075354,2025-10-03 17:38:10.946917+00,2025-10-08 01:20:24.525266+00
1329,Mango_Dog,U1-L9-Q01,B,1759513129863,2025-10-03 17:38:49.852593+00,2025-10-08 01:21:10.750324+00
1330,Grape_Koala,U1-L9-Q02,C,1759513135205,2025-10-03 17:38:55.516304+00,2025-10-08 01:20:38.140376+00
1331,Berry_Iguana,U1-L9-Q01,B,1759513608044,2025-10-03 17:39:28.234548+00,2025-10-08 01:20:36.129816+00
1332,Coconut_Cat,U1-L9-Q02,B,1759513321722,2025-10-03 17:39:34.871764+00,2025-10-08 01:21:27.926909+00
1333,Mango_Tiger,U1-L9-Q02,A,1759513176747,2025-10-03 17:39:36.951411+00,2025-10-08 01:20:22.573253+00
1334,Grape_Koala,U1-L9-Q03,B,1759513214295,2025-10-03 17:40:14.560115+00,2025-10-08 01:20:38.057517+00
1335,Banana_Goat,U1-L9-Q02,B,1759513229280,2025-10-03 17:40:29.643296+00,2025-10-08 01:20:55.199193+00
1336,Plum_iguana,U1-L9-Q02,D,1759513268207,2025-10-03 17:41:08.020878+00,2025-10-08 01:20:18.052748+00
1337,Papaya_Goat,U1-L9-Q03,B,1759513280939,2025-10-03 17:41:21.275185+00,2025-10-08 01:21:01.632244+00
1338,Plum_Iguana,U1-L9-Q03,E,1759513281175,2025-10-03 17:41:36.825576+00,2025-10-08 01:20:24.422353+00
1339,Banana_Goat,U1-L9-Q03,B,1759513298785,2025-10-03 17:41:39.039836+00,2025-10-08 01:20:55.078153+00
1341,Kiwi_Panda,U1-L9-Q01,B,1759513404491,2025-10-03 17:43:24.728342+00,2025-10-08 01:21:14.153772+00
1342,Berry_Iguana,U1-L9-Q02,B,1759513428422,2025-10-03 17:43:48.7639+00,2025-10-08 01:20:36.224477+00
1343,Cherry_Monkey,U1-L9-Q02,E,1759513469300,2025-10-03 17:44:29.501798+00,2025-10-08 01:20:58.366613+00
1344,Mango_Dog,U1-L9-Q02,B,1759513534151,2025-10-03 17:45:34.185665+00,2025-10-08 01:21:10.652757+00
1345,Coconut_Cat,U1-L9-Q03,B,1759513642492,2025-10-03 17:46:30.086651+00,2025-10-08 01:21:27.80446+00
1346,Grape_Fox,U1-L9-Q03,B,1759513594397,2025-10-03 17:46:34.669235+00,2025-10-08 01:21:17.198305+00
1347,Plum_iguana,U1-L9-Q03,B,1759513600816,2025-10-03 17:46:40.951641+00,2025-10-08 01:20:17.95308+00
1350,Kiwi_Panda,U1-L9-Q02,B,1759513772941,2025-10-03 17:47:32.006584+00,2025-10-08 01:21:13.858489+00
1351,Mango_Dog,U1-L9-Q03,B,1759513723775,2025-10-03 17:48:43.813188+00,2025-10-08 01:21:10.552254+00
1353,lemon-eagle,U1-L9-Q03,B,1759513798471,2025-10-03 17:49:59.273109+00,2025-10-08 01:20:44.1414+00
1354,Berry_Iguana,U1-L9-Q03,B,1759513848866,2025-10-03 17:50:49.238686+00,2025-10-08 01:20:35.971256+00
1355,Cherry_Monkey,U1-L9-Q03,B,1759513890314,2025-10-03 17:51:30.537376+00,2025-10-08 01:20:58.271737+00
1356,Kiwi_Panda,U1-L9-Q03,B,1759513945516,2025-10-03 17:52:25.68113+00,2025-10-08 01:21:13.768377+00
1357,lemon-eagle,U1-L9-Q02,A,1759514035603,2025-10-03 17:53:56.436409+00,2025-10-08 01:20:44.004294+00
1358,Grape_Fox,U1-L9-Q02,B,1759549965302,2025-10-04 03:52:46.788255+00,2025-10-08 01:21:17.098538+00
1359,teacher_man,U1-L3-Q02,B,1759558012329,2025-10-04 06:07:21.318905+00,2025-10-08 01:21:08.691978+00
1360,teacher_man,U1-L9-Q01,B,1759635800221,2025-10-04 06:08:03.567424+00,2025-10-08 01:21:08.51665+00
1362,Lime_Lion,U1-L2-Q01,D,1759617004126,2025-10-04 22:30:33.035732+00,2025-10-08 01:20:52.283584+00
1363,test_peer,q1,A,1759626035750,2025-10-05 01:11:35.691231+00,2025-10-08 01:20:43.89367+00
1367,teacher_man,U5-L4-Q01,E,1759633261169,2025-10-05 03:01:30.009064+00,2025-10-08 01:21:08.604979+00
1369,test_user,U1-L5-Q01,C,1759633531612,2025-10-05 03:06:00.297641+00,2025-10-08 01:20:30.349282+00
1370,test_user,U1-L3-Q01,E,1759633658213,2025-10-05 03:08:06.926639+00,2025-10-08 01:20:30.259568+00
1371,test_user,U1-L3-Q02,C,1759633669106,2025-10-05 03:08:17.809575+00,2025-10-08 01:20:30.152481+00
1372,test_user,U1-L3-Q03,C,1759633679606,2025-10-05 03:08:28.40292+00,2025-10-08 01:20:30.046074+00
1373,test_user,U1-L7-Q01,D,1759633728269,2025-10-05 03:09:17.089639+00,2025-10-08 01:20:29.952722+00
1374,Papaya_Cat,U1-L9-Q01,B,1759634537174,2025-10-05 03:22:46.213479+00,2025-10-08 01:20:29.469695+00
1375,Papaya_Cat,U1-L9-Q02,B,1759635169944,2025-10-05 03:33:18.853095+00,2025-10-08 01:20:29.378118+00
1376,test_user,U1-L9-Q01,B,1759635370826,2025-10-05 03:36:39.67558+00,2025-10-08 01:20:29.862171+00
2499,Apple_Monkey,U1-L8-Q01,D,1759792028002,2025-10-06 23:00:25.036561+00,2025-10-08 01:21:21.555474+00
2501,Apple_Monkey,U1-L8-Q02,C,1759792101690,2025-10-06 23:07:34.981522+00,2025-10-08 01:21:21.44915+00
2503,Apple_Monkey,U1-L8-Q03,C,1759792125998,2025-10-06 23:08:46.455921+00,2025-10-08 01:21:21.354449+00
2504,Apple_Monkey,U1-L10-Q01,D,1759793769807,2025-10-06 23:36:10.547392+00,2025-10-08 01:21:21.251192+00
2505,Apple_Monkey,U1-L10-Q05,B,1759794825371,2025-10-06 23:48:30.143305+00,2025-10-08 01:21:20.687682+00
2506,Apple_Monkey,U1-L10-Q02,A,1759794700231,2025-10-06 23:51:40.845791+00,2025-10-08 01:21:21.14537+00
2507,Apple_Monkey,U1-L10-Q03,A,1759794738368,2025-10-06 23:52:18.781776+00,2025-10-08 01:21:20.789157+00
2510,Apple_Monkey,U1-L10-Q07,C,1759794859874,2025-10-06 23:54:20.404899+00,2025-10-08 01:21:20.549496+00
2511,Apple_Monkey,U1-L10-Q08,A,1759795403206,2025-10-07 00:03:23.850181+00,2025-10-08 01:21:20.434179+00
2512,test_verification,test_q1,D,1759250000000,2025-10-07 01:49:00.905399+00,2025-10-08 01:20:17.855448+00
2520,Tayberry_Pelican,U1-L3-Q01,A,1759804198717,2025-10-07 02:30:30.263273+00,2025-10-08 01:20:29.759699+00
2521,Tayberry_Pelican,U1-L3-Q02,B,1759804209521,2025-10-07 02:30:40.786622+00,2025-10-08 01:20:29.65785+00
2522,Tayberry_Pelican,U1-L3-Q03,C,1759804218169,2025-10-07 02:30:49.465346+00,2025-10-08 01:20:29.570897+00
2529,Apricot_Horse,U1-L9-Q01,B,1759845587287,2025-10-07 13:59:47.634474+00,2025-10-08 01:21:03.388884+00
2530,Apricot_Horse,U1-L9-Q02,A,1759845734979,2025-10-07 14:02:15.46498+00,2025-10-08 01:21:03.279595+00
2531,Apricot_Horse,U1-L9-Q03,C,1759845768424,2025-10-07 14:02:48.682047+00,2025-10-08 01:21:03.191375+00
2581,Papaya_Eagle,U1-L10-Q01,B,1759846770536,2025-10-07 14:19:30.919667+00,2025-10-08 01:21:26.793668+00
2809,Papaya_Eagle,U1-L10-Q02,A,1759846797737,2025-10-07 14:19:58.077737+00,2025-10-08 01:21:27.194992+00
3014,Guava_Cat,U1-L10-Q01,D,1759846818962,2025-10-07 14:20:19.041064+00,2025-10-08 01:20:14.301374+00
3033,mango_panda,U1-L10-Q01,D,1759846820556,2025-10-07 14:20:20.904092+00,2025-10-08 01:20:15.47476+00
3034,Apricot_Horse,U1-L10-Q01,C,1759846827368,2025-10-07 14:20:27.73513+00,2025-10-08 01:21:06.898577+00
3035,Papaya_Eagle,U1-L10-Q03,A,1759846828932,2025-10-07 14:20:29.405282+00,2025-10-08 01:21:27.286298+00
3036,Papaya_Eagle,U1-L10-Q08,A,1759846857642,2025-10-07 14:20:57.95422+00,2025-10-08 01:21:27.372995+00
3037,mango_panda,U1-L10-Q02,B,1759846878475,2025-10-07 14:21:18.736917+00,2025-10-08 01:20:15.6134+00
3038,Guava_Cat,U1-L10-Q02,B,1759846879055,2025-10-07 14:21:19.023642+00,2025-10-08 01:20:14.427242+00
3039,Papaya_Eagle,U1-L10-Q07,C,1759846883627,2025-10-07 14:21:23.985629+00,2025-10-08 01:21:27.462654+00
3040,Apricot_Horse,U1-L10-Q02,D,1759846895640,2025-10-07 14:21:35.955901+00,2025-10-08 01:21:06.98008+00
3041,Papaya_Eagle,U1-L10-Q05,B,1759846924631,2025-10-07 14:22:05.042786+00,2025-10-08 01:21:27.553996+00
3042,Apricot_Horse,U1-L10-Q03,E,1759846925101,2025-10-07 14:22:05.28377+00,2025-10-08 01:21:07.08065+00
3043,Guava_Cat,U1-L10-Q03,A,1759846952163,2025-10-07 14:22:32.228898+00,2025-10-08 01:20:14.542683+00
3044,Lemon_Goat,U1-L10-Q02,A,1759846980089,2025-10-07 14:23:00.349983+00,2025-10-08 01:20:17.657003+00
3045,mango_panda,U1-L10-Q03,D,1759846988637,2025-10-07 14:23:08.955076+00,2025-10-08 01:20:15.718915+00
3046,Lemon_Goat,U1-L10-Q03,A,1759846998452,2025-10-07 14:23:18.411494+00,2025-10-08 01:20:17.748989+00
3048,Kiwi_Monkey,U9-L3-MCQ-Q02,B,1759847009058,2025-10-07 14:23:29.408251+00,2025-10-08 01:20:49.707762+00
3049,Kiwi_Monkey,U9-L3-FRQ-Q01,they move faster away from home,1759847011298,2025-10-07 14:23:31.464959+00,2025-10-08 01:20:49.811239+00
3050,Apple_Monkey,U1-PC-MCQ-A-Q01,B,1759847063302,2025-10-07 14:23:31.627559+00,2025-10-08 01:21:25.109828+00
3051,Kiwi_Monkey,U9-L3-MCQ-Q03,C,1759847020387,2025-10-07 14:23:40.614155+00,2025-10-08 01:20:49.906235+00
3052,Kiwi_Monkey,U9-L3-MCQ-Q04,C,1759847031689,2025-10-07 14:23:51.959505+00,2025-10-08 01:20:49.99964+00
3053,Apple_Rabbit,U1-L10-Q01,D,1759847108003,2025-10-07 14:23:52.980129+00,2025-10-08 01:20:34.174978+00
3054,Kiwi_Monkey,U9-L3-MCQ-Q05,B,1759847034693,2025-10-07 14:23:54.848759+00,2025-10-08 01:20:50.081357+00
3055,Kiwi_Monkey,U9-L3-MCQ-Q06,D,1759847037742,2025-10-07 14:23:57.942778+00,2025-10-08 01:20:50.580739+00
3056,Kiwi_Monkey,U9-L3-MCQ-Q07,C,1759847048967,2025-10-07 14:24:09.219079+00,2025-10-08 01:20:50.679237+00
3057,Kiwi_Monkey,U9-L3-MCQ-Q08,D,1759847052091,2025-10-07 14:24:12.259167+00,2025-10-08 01:20:50.785905+00
3058,Kiwi_Monkey,U9-L3-MCQ-Q09,B,1759847055304,2025-10-07 14:24:15.496562+00,2025-10-08 01:20:50.894652+00
3060,Kiwi_Monkey,U9-L3-MCQ-Q10,B,1759847057628,2025-10-07 14:24:17.799287+00,2025-10-08 01:20:50.981764+00
3061,teacher_man,U1-L10-Q01,D,1759847059710,2025-10-07 14:24:19.556219+00,2025-10-08 01:21:10.057282+00
3063,mango_panda,U1-L10-Q04,The shape would be a bell curve. 91.,1759847097532,2025-10-07 14:24:57.867781+00,2025-10-08 01:20:15.843426+00
3065,Apple_Monkey,U1-PC-MCQ-A-Q02,E,1759847127520,2025-10-07 14:25:28.235685+00,2025-10-08 01:21:25.20556+00
3066,mango_panda,U1-L10-Q05,B,1759847171408,2025-10-07 14:26:11.771068+00,2025-10-08 01:20:15.953629+00
3067,Apricot_Horse,U1-L10-Q05,B,1759847182745,2025-10-07 14:26:23.060221+00,2025-10-08 01:21:07.178453+00
3068,Apple_Monkey,U1-PC-MCQ-A-Q03,D,1759847187775,2025-10-07 14:26:28.567509+00,2025-10-08 01:21:25.290105+00
3069,Guava_Cat,U1-L10-Q05,C,1759847190983,2025-10-07 14:26:31.04906+00,2025-10-08 01:20:14.743449+00
3070,Apricot_Fox,U1-L10-Q01,D,1759847192343,2025-10-07 14:26:32.611887+00,2025-10-08 01:20:22.477559+00
3071,Kiwi_Monkey,U1-L8-Q01,C,1759847206048,2025-10-07 14:26:46.421787+00,2025-10-08 01:20:51.081235+00
3072,Kiwi_Monkey,U1-L8-Q02,D,1759847242563,2025-10-07 14:27:22.798483+00,2025-10-08 01:20:51.183674+00
3073,Kiwi_Monkey,U1-L8-Q03,D,1759847257256,2025-10-07 14:27:37.671984+00,2025-10-08 01:20:51.292459+00
3074,Guava_Cat,U1-L10-Q07,A,1759847264976,2025-10-07 14:27:45.036066+00,2025-10-08 01:20:14.843725+00
3075,Apple_Monkey,U1-PC-MCQ-A-Q04,E,1759847334183,2025-10-07 14:27:45.933792+00,2025-10-08 01:21:25.378658+00
3076,teacher_man,U1-L10-Q02,A,1759847288731,2025-10-07 14:28:08.610073+00,2025-10-08 01:21:10.160486+00
3077,Apricot_Horse,U1-L10-Q07,B,1759847288710,2025-10-07 14:28:09.033314+00,2025-10-08 01:21:07.285546+00
3078,Apricot_Horse,U1-L10-Q08,B,1759847315548,2025-10-07 14:28:35.783281+00,2025-10-08 01:21:07.409887+00
3080,Apple_Monkey,U1-PC-MCQ-A-Q05,B,1759847464192,2025-10-07 14:29:28.564003+00,2025-10-08 01:21:25.482214+00
3081,mango_panda,U1-L10-Q07,C,1759847378176,2025-10-07 14:29:38.495239+00,2025-10-08 01:20:16.066928+00
3082,Kiwi_Monkey,U1-L9-Q01,C,1759847382949,2025-10-07 14:29:43.136802+00,2025-10-08 01:20:51.378526+00
3083,Kiwi_Monkey,U1-L9-Q02,C,1759847415968,2025-10-07 14:30:16.182794+00,2025-10-08 01:20:51.475626+00
3084,Kiwi_Monkey,U1-L9-Q03,C,1759847426543,2025-10-07 14:30:26.781235+00,2025-10-08 01:20:51.599561+00
3085,mango_panda,U1-L10-Q08,E,1759847437949,2025-10-07 14:30:38.185447+00,2025-10-08 01:20:16.206838+00
3086,teacher_man,U1-L10-Q03,A,1759847454600,2025-10-07 14:30:54.450848+00,2025-10-08 01:21:10.248519+00
3087,Guava_Cat,U1-L10-Q08,A,1759847455657,2025-10-07 14:30:55.733293+00,2025-10-08 01:20:14.945526+00
3089,Kiwi_Monkey,U1-L10-Q01,B,1759847469526,2025-10-07 14:31:09.733637+00,2025-10-08 01:20:51.70748+00
3090,Kiwi_Monkey,U1-L10-Q02,B,1759847480709,2025-10-07 14:31:20.904792+00,2025-10-08 01:20:51.844834+00
3091,Kiwi_Monkey,U1-L10-Q03,C,1759847487287,2025-10-07 14:31:27.482498+00,2025-10-08 01:20:51.952242+00
3092,Kiwi_Monkey,U1-L10-Q04,skew to the right,1759847500985,2025-10-07 14:31:41.218074+00,2025-10-07 14:31:41.218074+00
3093,Kiwi_Monkey,U1-L10-Q05,B,1759847512385,2025-10-07 14:31:52.60415+00,2025-10-07 14:31:52.60415+00
3094,Kiwi_Monkey,U1-L10-Q06,+1.62,1759847543184,2025-10-07 14:32:23.42617+00,2025-10-07 14:32:23.42617+00
3095,Apple_Monkey,U1-PC-MCQ-A-Q06,D,1759847546232,2025-10-07 14:32:27.048595+00,2025-10-08 01:21:25.579552+00
3096,Kiwi_Monkey,U1-L10-Q07,B,1759847554267,2025-10-07 14:32:34.512703+00,2025-10-07 14:32:34.512703+00
3097,Kiwi_Monkey,U1-L10-Q08,D,1759847561122,2025-10-07 14:32:41.41735+00,2025-10-07 14:32:41.41735+00
3098,Papaya_Eagle,U1-L10-Q04,"The histogram shows that most orders were between $10 and $20, with the highest number of orders in the $15 to $20 range. The shape of the data has one main peak and a few smaller values on the higher end, which means it is a bit uneven on the right side. To find the median, we looked for the middle order out of 91. It turns out the median is around $14.80, which means half of the orders cost less than this and half cost more.",1759847706447,2025-10-07 14:35:06.932066+00,2025-10-08 01:21:27.676572+00
3099,Apple_Rabbit,U1-L10-Q02,A,1759848874802,2025-10-07 14:37:22.40807+00,2025-10-07 14:54:35.361292+00
3100,Lemon_Goat,U1-L10-Q04,"The distribution is a bell shape. 
I think the median of the distribution is 13 because i arranged my data from the smallest to highest number than i added the 2 numbers at the middle and divide them by 2 which equals 13.",1759848100375,2025-10-07 14:41:40.705193+00,2025-10-07 14:41:40.705193+00
3101,Apricot_Horse,U1-L10-Q04,"A-i) done on paper 

A-II) IT sort of resembles a bell curve shape. 
B)The median would be $10 not including 15 because 91/2 = 45.5 and that falls within the range of 10-15 dollars for the amount.",1759848120265,2025-10-07 14:42:00.639839+00,2025-10-08 01:21:07.535738+00
3102,teacher_man,U1-L10-Q04,"a i . histogram is unimodal, center at the number of orders $15 - $20.  skewed left, with a median possibly around 15 - 20.

Since n is odd, the median will be a center value within the 91 datapoints.. so.. 90/2 = 45.. the next value up from 45th from lowest should be the median.

8 + 14 + 25 = 22 + 25= 47... So the median will actually be in the 10 up  but not including 20.

I can't show histogram here..",1759848274133,2025-10-07 14:44:34.041418+00,2025-10-08 01:21:10.435214+00
3103,Lemon_Goat,U1-L10-Q05,B,1759848526907,2025-10-07 14:48:47.256718+00,2025-10-07 14:48:47.256718+00
3104,teacher_man,U1-L10-Q05,B,1759848672822,2025-10-07 14:51:12.757693+00,2025-10-08 01:21:10.345275+00
3105,mango_panda,U1-L10-Q06,"A) 289-142/29=1.6 z score is 94%.
B) 272-259/32=0.40625
1-0.40625= 0.59375 - 69%
C) women have more variety in runners.",1759848757121,2025-10-07 14:52:37.515386+00,2025-10-07 14:52:37.515386+00
3106,Apricot_Fox,U1-L10-Q02,A,1759848811022,2025-10-07 14:53:31.441268+00,2025-10-07 14:53:31.441268+00
3108,Apricot_Fox,U1-L10-Q03,D,1759848993097,2025-10-07 14:56:33.414583+00,2025-10-07 14:56:33.414583+00
3789,Apricot_Fox,U1-L10-Q04,"The distribution of the Food Truck Order Amounts, is unimodal and slightly skewed to the right. The typical amount of money was around $10-$20. The minimum amount of payments were $25-$30 and the max was $15-$20.",1759890175603,2025-10-08 02:22:57.315186+00,2025-10-08 02:22:57.315186+00
3790,Apricot_Fox,U1-L10-Q05,B,1759890355959,2025-10-08 02:25:56.787981+00,2025-10-08 02:25:56.787981+00
3791,Apricot_Fox,U1-L10-Q07,C,1759890553830,2025-10-08 02:29:14.922115+00,2025-10-08 02:29:14.922115+00
3792,Apricot_Fox,U1-L10-Q08,A,1759890733835,2025-10-08 02:32:14.672802+00,2025-10-08 02:32:14.672802+00
3793,Apricot_Fox,U1-L10-Q06,"The standardized score for Clays marathon finishing time of 289 minutes is about 1.62. This means that Clays time is 1.62 standard deviations above the mean finishing time for men. The proportion of women who ran the marathon with a finishing time less than Kathys 272 minutes is approximately 65.77%. The greater standard deviation for womens finishing times 32 minutes compared to mens 29 minutes, means womens times are more spread out around their average 259 minutes than mens times around their average 242 minutes. (Work is shown on paper).",1759936083932,2025-10-08 15:08:05.027299+00,2025-10-08 15:08:05.027299+00
3794,Apricot_Horse,U1-L10-Q06,"a) (289-242)/29 = 1.62 
b) (272-259)/32 = 0.41
c) a greater standard deviation for women than men indicates that the women's finish times were more spread out than men.",1760018172683,2025-10-09 13:56:14.00148+00,2025-10-09 13:56:14.00148+00
3795,Lemon_Goat,U1-L10-Q07,C,1760019888799,2025-10-09 14:24:49.757733+00,2025-10-09 14:24:49.757733+00
3796,Apple_Rabbit,U1-L10-Q03,A,1760019984114,2025-10-09 14:25:42.771414+00,2025-10-09 14:26:24.84283+00
3799,Lemon_Goat,U1-L10-Q08,A,1760020004608,2025-10-09 14:26:45.405713+00,2025-10-09 14:26:45.405713+00
3800,Kiwi_Monkey,U1-L2-Q01,B,1760020054512,2025-10-09 14:27:34.155671+00,2025-10-09 14:27:34.155671+00
3801,Kiwi_Monkey,U1-L2-Q02,E,1760020061039,2025-10-09 14:27:40.635117+00,2025-10-09 14:27:40.635117+00
3802,Kiwi_Monkey,U1-L2-Q03,B,1760020066188,2025-10-09 14:27:45.896738+00,2025-10-09 14:27:45.896738+00
3803,Kiwi_Monkey,U1-L3-Q01,A,1760020097208,2025-10-09 14:28:16.931748+00,2025-10-09 14:28:16.931748+00
3804,Kiwi_Monkey,U1-L3-Q02,C,1760020139171,2025-10-09 14:28:58.985687+00,2025-10-09 14:28:58.985687+00
3805,Kiwi_Monkey,U1-L3-Q03,C,1760020151731,2025-10-09 14:29:22.534684+00,2025-10-09 14:29:26.535559+00
3807,Lemon_Goat,U1-L10-Q01,D,1760020241287,2025-10-09 14:30:42.135127+00,2025-10-09 14:30:42.135127+00
3808,Apple_Rabbit,U1-L10-Q04,this is on paper,1760021162178,2025-10-09 14:46:02.800027+00,2025-10-09 14:46:02.800027+00
3809,Tayberry_Pelican,U1-L9-Q01,B,1759867901845,2025-10-09 14:49:06.571272+00,2025-10-09 14:49:06.571272+00
3810,Tayberry_Pelican,U1-L4-Q02,C,1759884879670,2025-10-09 14:49:06.689809+00,2025-10-09 14:49:06.689809+00
3811,Tayberry_Pelican,U1-L10-Q01,D,1760021447114,2025-10-09 14:50:36.201363+00,2025-10-09 14:51:18.203207+00
3812,Apple_Rabbit,U1-L10-Q05,B,1760021474658,2025-10-09 14:51:15.246724+00,2025-10-09 14:51:15.246724+00